"../../../Engine/Plugins/2D/Paper2D/Content/PlaceholderTextures/DummySpriteTexture.ubulk" 0
"../../../Engine/Plugins/2D/Paper2D/Content/PlaceholderTextures/DummySpriteTexture.uasset" 1
"../../../Engine/Plugins/2D/Paper2D/Content/PlaceholderTextures/DummySpriteTexture.uexp" 2
"../../../Engine/Plugins/2D/Paper2D/Content/DummySprite.uasset" 3
"../../../Engine/Plugins/2D/Paper2D/Content/DummySprite.uexp" 4
"../../../Engine/Plugins/2D/Paper2D/Content/DefaultPaperTerrainMaterial.uasset" 5
"../../../Engine/Plugins/2D/Paper2D/Content/DefaultPaperTerrainMaterial.uexp" 6
"../../../Engine/Plugins/Animation/ACLPlugin/Content/ACLAnimBoneCompressionSettings.uasset" 7
"../../../Engine/Plugins/Animation/ACLPlugin/Content/ACLAnimBoneCompressionSettings.uexp" 8
"../../../Engine/Content/EngineFonts/Faces/DroidSansFallback.uexp" 9
"../../../Engine/Content/EngineFonts/Faces/DroidSansFallback.uasset" 10
"../../../Engine/Content/EngineFonts/Faces/DroidSansFallback.ufont" 11
"../../../Engine/Content/EngineFonts/Faces/RobotoBold.uexp" 12
"../../../Engine/Content/EngineFonts/Faces/RobotoBold.uasset" 13
"../../../Engine/Content/EngineFonts/Faces/RobotoBold.ufont" 14
"../../../Engine/Content/EngineFonts/Faces/RobotoBoldItalic.uexp" 15
"../../../Engine/Content/EngineFonts/Faces/RobotoBoldItalic.uasset" 16
"../../../Engine/Content/EngineFonts/Faces/RobotoBoldItalic.ufont" 17
"../../../Engine/Content/EngineFonts/Faces/RobotoItalic.uexp" 18
"../../../Engine/Content/EngineFonts/Faces/RobotoItalic.uasset" 19
"../../../Engine/Content/EngineFonts/Faces/RobotoItalic.ufont" 20
"../../../Engine/Content/EngineFonts/Faces/RobotoLight.uexp" 21
"../../../Engine/Content/EngineFonts/Faces/RobotoLight.uasset" 22
"../../../Engine/Content/EngineFonts/Faces/RobotoLight.ufont" 23
"../../../Engine/Content/EngineFonts/Faces/RobotoRegular.uexp" 24
"../../../Engine/Content/EngineFonts/Faces/RobotoRegular.uasset" 25
"../../../Engine/Content/EngineFonts/Faces/RobotoRegular.ufont" 26
"../../../Engine/Content/EngineFonts/Roboto.uasset" 27
"../../../Engine/Content/EngineFonts/Roboto.uexp" 28
"../../../Engine/Content/EngineMaterials/DefaultDestructiblePhysicalMaterial.uasset" 29
"../../../Engine/Content/EngineMaterials/DefaultDestructiblePhysicalMaterial.uexp" 30
"../../../Engine/Content/EngineMaterials/DefaultPhysicalMaterial.uasset" 31
"../../../Engine/Content/EngineMaterials/DefaultPhysicalMaterial.uexp" 32
"../../../Engine/Content/EngineSounds/Master.uasset" 33
"../../../Engine/Content/EngineSounds/Master.uexp" 34
"../../../Engine/Plugins/NNE/NNEDenoiser/Content/NNED_Oidn2-3_HighQuality_Alpha.uasset" 35
"../../../Engine/Plugins/NNE/NNEDenoiser/Content/NNED_Oidn2-3_HighQuality_Alpha.uexp" 36
"../../../Engine/Plugins/NNE/NNEDenoiser/Content/NNE_oidn2-3-0_rt_hdr_alb_nrm_small__dyn__fp16_opset11_DenoiseAlpha.uasset" 37
"../../../Engine/Plugins/NNE/NNEDenoiser/Content/NNE_oidn2-3-0_rt_hdr_alb_nrm_small__dyn__fp16_opset11_DenoiseAlpha.uexp" 38
"../../../Engine/Plugins/NNE/NNEDenoiser/Content/NNE_oidn2-3-0_rt_hdr_alb_nrm_small__dyn__fp16_opset11_ForwardAlpha.uasset" 39
"../../../Engine/Plugins/NNE/NNEDenoiser/Content/NNE_oidn2-3-0_rt_hdr_alb_nrm_small__dyn__fp16_opset11_ForwardAlpha.uexp" 40
"../../../Engine/Plugins/NNE/NNEDenoiser/Content/NNE_oidn2-3-0_rt_hdr_alb_nrm__dyn__fp16_opset11_DenoiseAlpha.uasset" 41
"../../../Engine/Plugins/NNE/NNEDenoiser/Content/NNE_oidn2-3-0_rt_hdr_alb_nrm__dyn__fp16_opset11_DenoiseAlpha.uexp" 42
"../../../Engine/Plugins/NNE/NNEDenoiser/Content/NNE_oidn2-3-0_rt_hdr_alb_nrm__dyn__fp16_opset11_ForwardAlpha.uasset" 43
"../../../Engine/Plugins/NNE/NNEDenoiser/Content/NNE_oidn2-3-0_rt_hdr_alb_nrm__dyn__fp16_opset11_ForwardAlpha.uexp" 44
"../../../Engine/Plugins/NNE/NNEDenoiser/Content/NNE_oidn2-3-0_rt_hdr_calb_cnrm_large__dyn__fp16_opset11_DenoiseAlpha.uasset" 45
"../../../Engine/Plugins/NNE/NNEDenoiser/Content/NNE_oidn2-3-0_rt_hdr_calb_cnrm_large__dyn__fp16_opset11_DenoiseAlpha.uexp" 46
"../../../Engine/Plugins/NNE/NNEDenoiser/Content/NNE_oidn2-3-0_rt_hdr_calb_cnrm_large__dyn__fp16_opset11_ForwardAlpha.uasset" 47
"../../../Engine/Plugins/NNE/NNEDenoiser/Content/NNE_oidn2-3-0_rt_hdr_calb_cnrm_large__dyn__fp16_opset11_ForwardAlpha.uexp" 48
"../../../Engine/Content/EngineMaterials/T_Default_Material_Grid_M.ubulk" 49
"../../../Engine/Content/EngineMaterials/T_Default_Material_Grid_M.uasset" 50
"../../../Engine/Content/EngineMaterials/T_Default_Material_Grid_M.uexp" 51
"../../../Engine/Content/EngineMaterials/T_Default_Material_Grid_N.ubulk" 52
"../../../Engine/Content/EngineMaterials/T_Default_Material_Grid_N.uasset" 53
"../../../Engine/Content/EngineMaterials/T_Default_Material_Grid_N.uexp" 54
"../../../Engine/Content/Functions/Engine_MaterialFunctions01/Opacity/CameraDepthFade.uasset" 55
"../../../Engine/Content/Functions/Engine_MaterialFunctions01/Opacity/CameraDepthFade.uexp" 56
"../../../Engine/Content/EngineMaterials/WorldGridMaterial.uasset" 57
"../../../Engine/Content/EngineMaterials/WorldGridMaterial.uexp" 58
"../../../Engine/Content/BasicShapes/Plane.ubulk" 59
"../../../Engine/Content/BasicShapes/Plane.uasset" 60
"../../../Engine/Content/BasicShapes/Plane.uexp" 61
"../../../Engine/Content/EditorMaterials/PhAT_NoCollisionMaterial.uasset" 62
"../../../Engine/Content/EditorMaterials/PhAT_NoCollisionMaterial.uexp" 63
"../../../Engine/Content/EngineDebugMaterials/DebugEditorMaterial.uasset" 64
"../../../Engine/Content/EngineDebugMaterials/DebugEditorMaterial.uexp" 65
"../../../Engine/Content/EditorMaterials/PhAT_UnselectedMaterial.uasset" 66
"../../../Engine/Content/EditorMaterials/PhAT_UnselectedMaterial.uexp" 67
"../../../Engine/Content/EngineDebugMaterials/DebugMeshMaterial.uasset" 68
"../../../Engine/Content/EngineDebugMaterials/DebugMeshMaterial.uexp" 69
"../../../Engine/Content/EditorMaterials/PreviewShadowIndicator.ubulk" 70
"../../../Engine/Content/EditorMaterials/PreviewShadowIndicator.uasset" 71
"../../../Engine/Content/EditorMaterials/PreviewShadowIndicator.uexp" 72
"../../../Engine/Content/EditorMaterials/PreviewShadowIndicatorMaterial.uasset" 73
"../../../Engine/Content/EditorMaterials/PreviewShadowIndicatorMaterial.uexp" 74
"../../../Engine/Content/EngineMaterials/PreintegratedSkinBRDF.uasset" 75
"../../../Engine/Content/EngineMaterials/PreintegratedSkinBRDF.uexp" 76
"../../../Engine/Plugins/Interchange/Assets/Content/Functions/MX_GeneralizedSchlickBSDF.uasset" 77
"../../../Engine/Plugins/Interchange/Assets/Content/Functions/MX_GeneralizedSchlickBSDF.uexp" 78
"../../../Engine/Content/EngineMaterials/RemoveSurfaceMaterial.uasset" 79
"../../../Engine/Content/EngineMaterials/RemoveSurfaceMaterial.uexp" 80
"../../../Engine/Content/EngineDebugMaterials/M_SimpleUnlitTranslucent.uasset" 81
"../../../Engine/Content/EngineDebugMaterials/M_SimpleUnlitTranslucent.uexp" 82
"../../../Engine/Content/Functions/Engine_MaterialFunctions02/Utility/CameraDirectionVector.uasset" 83
"../../../Engine/Content/Functions/Engine_MaterialFunctions02/Utility/CameraDirectionVector.uexp" 84
"../../../Engine/Content/EngineDebugMaterials/VolumeToRender.uasset" 85
"../../../Engine/Content/EngineDebugMaterials/VolumeToRender.uexp" 86
"../../../Engine/Content/EngineDebugMaterials/M_VolumeRenderSphereTracePP.uasset" 87
"../../../Engine/Content/EngineDebugMaterials/M_VolumeRenderSphereTracePP.uexp" 88
"../../../Engine/Content/EngineMaterials/SMAAAreaTex.uasset" 89
"../../../Engine/Content/EngineMaterials/SMAAAreaTex.uexp" 90
"../../../Engine/Plugins/Interchange/Assets/Content/Functions/MX_MeasuredEDF.uasset" 91
"../../../Engine/Plugins/Interchange/Assets/Content/Functions/MX_MeasuredEDF.uexp" 92
"../../../Engine/Content/EngineMaterials/SMAASearchTex.uasset" 93
"../../../Engine/Content/EngineMaterials/SMAASearchTex.uexp" 94
"../../../Engine/Content/EditorLandscapeResources/DefaultAlphaTexture.uasset" 95
"../../../Engine/Content/EditorLandscapeResources/DefaultAlphaTexture.uexp" 96
"../../../Engine/Content/EditorLandscapeResources/ColorMaskBrushMaterial.uasset" 97
"../../../Engine/Content/EditorLandscapeResources/ColorMaskBrushMaterial.uexp" 98
"../../../Engine/Content/EditorLandscapeResources/ColorMaskBrushMaterial_MaskedRegion.uasset" 99
"../../../Engine/Content/EditorLandscapeResources/ColorMaskBrushMaterial_MaskedRegion.uexp" 100
"../../../Engine/Plugins/Interchange/Assets/Content/Functions/MF_IridescenceNoLUT.uasset" 101
"../../../Engine/Plugins/Interchange/Assets/Content/Functions/MF_IridescenceNoLUT.uexp" 102
"../../../Engine/Plugins/Interchange/Assets/Content/Functions/MX_StandardSurface.uasset" 103
"../../../Engine/Plugins/Interchange/Assets/Content/Functions/MX_StandardSurface.uexp" 104
"../../../Engine/Plugins/Interchange/Assets/Content/Functions/MX_OpenPBR_Opaque.uasset" 105
"../../../Engine/Plugins/Interchange/Assets/Content/Functions/MX_OpenPBR_Opaque.uexp" 106
"../../../Engine/Plugins/Interchange/Assets/Content/Functions/MX_TransmissionSurface.uasset" 107
"../../../Engine/Plugins/Interchange/Assets/Content/Functions/MX_TransmissionSurface.uexp" 108
"../../../Engine/Plugins/Interchange/Assets/Content/Functions/MX_OpenPBR_Translucent.uasset" 109
"../../../Engine/Plugins/Interchange/Assets/Content/Functions/MX_OpenPBR_Translucent.uexp" 110
"../../../Engine/Plugins/Interchange/Assets/Content/Functions/MX_OrenNayarBSDF.uasset" 111
"../../../Engine/Plugins/Interchange/Assets/Content/Functions/MX_OrenNayarBSDF.uexp" 112
"../../../Engine/Content/EditorLandscapeResources/LandscapeDirtyMaterial.uasset" 113
"../../../Engine/Content/EditorLandscapeResources/LandscapeDirtyMaterial.uexp" 114
"../../../Engine/Plugins/Interchange/Assets/Content/Functions/MX_SheenBSDF.uasset" 115
"../../../Engine/Plugins/Interchange/Assets/Content/Functions/MX_SheenBSDF.uexp" 116
"../../../Engine/Plugins/Interchange/Assets/Content/Functions/MX_SubsurfaceBSDF.uasset" 117
"../../../Engine/Plugins/Interchange/Assets/Content/Functions/MX_SubsurfaceBSDF.uexp" 118
"../../../Engine/Plugins/Interchange/Assets/Content/Functions/MX_Surface.uasset" 119
"../../../Engine/Plugins/Interchange/Assets/Content/Functions/MX_Surface.uexp" 120
"../../../Engine/Content/EngineMaterials/DefaultDiffuse.ubulk" 121
"../../../Engine/Content/EngineMaterials/DefaultDiffuse.uasset" 122
"../../../Engine/Content/EngineMaterials/DefaultDiffuse.uexp" 123
"../../../Engine/Content/Functions/Engine_MaterialFunctions01/Texturing/TextureCropping.uasset" 124
"../../../Engine/Content/Functions/Engine_MaterialFunctions01/Texturing/TextureCropping.uexp" 125
"../../../Engine/Content/Functions/Engine_MaterialFunctions02/ExampleContent/DebugNumberStrip.uasset" 126
"../../../Engine/Content/Functions/Engine_MaterialFunctions02/ExampleContent/DebugNumberStrip.uexp" 127
"../../../Engine/Content/Functions/Engine_MaterialFunctions01/Debug/DebugIntValues.uasset" 128
"../../../Engine/Content/Functions/Engine_MaterialFunctions01/Debug/DebugIntValues.uexp" 129
"../../../Engine/Content/Functions/Engine_MaterialFunctions02/Utility/BreakOutFloat2Components.uasset" 130
"../../../Engine/Content/Functions/Engine_MaterialFunctions02/Utility/BreakOutFloat2Components.uexp" 131
"../../../Engine/Content/Functions/Engine_MaterialFunctions01/Texturing/ScaleUVsByCenter.uasset" 132
"../../../Engine/Content/Functions/Engine_MaterialFunctions01/Texturing/ScaleUVsByCenter.uexp" 133
"../../../Engine/Content/Functions/Engine_MaterialFunctions02/WorldPositionOffset/LocalPosition.uasset" 134
"../../../Engine/Content/Functions/Engine_MaterialFunctions02/WorldPositionOffset/LocalPosition.uexp" 135
"../../../Engine/Content/EditorLandscapeResources/LandscapeLayerUsageMaterial.uasset" 136
"../../../Engine/Content/EditorLandscapeResources/LandscapeLayerUsageMaterial.uexp" 137
"../../../Engine/Plugins/Interchange/Assets/Content/Functions/MX_SurfaceUnlit.uasset" 138
"../../../Engine/Plugins/Interchange/Assets/Content/Functions/MX_SurfaceUnlit.uexp" 139
"../../../Engine/Plugins/Interchange/Assets/Content/Functions/MX_TranslucentBSDF.uasset" 140
"../../../Engine/Plugins/Interchange/Assets/Content/Functions/MX_TranslucentBSDF.uexp" 141
"../../../Engine/Content/EditorLandscapeResources/WhiteSquareTexture.uasset" 142
"../../../Engine/Content/EditorLandscapeResources/WhiteSquareTexture.uexp" 143
"../../../Engine/Content/EditorLandscapeResources/LayerVisMaterial.uasset" 144
"../../../Engine/Content/EditorLandscapeResources/LayerVisMaterial.uexp" 145
"../../../Engine/Plugins/Interchange/Assets/Content/Functions/MX_UniformEDF.uasset" 146
"../../../Engine/Plugins/Interchange/Assets/Content/Functions/MX_UniformEDF.uexp" 147
"../../../Engine/Content/EngineMaterials/WeightMapPlaceholderTexture.uasset" 148
"../../../Engine/Content/EngineMaterials/WeightMapPlaceholderTexture.uexp" 149
"../../../Engine/Content/EngineMaterials/WeightMapArrayPlaceholderTexture.uasset" 150
"../../../Engine/Content/EngineMaterials/WeightMapArrayPlaceholderTexture.uexp" 151
"../../../Engine/Content/Functions/Engine_MaterialFunctions02/Utility/MakeFloat3.uasset" 152
"../../../Engine/Content/Functions/Engine_MaterialFunctions02/Utility/MakeFloat3.uexp" 153
"../../../Engine/Content/Functions/Engine_MaterialFunctions03/Math/WithinRangeFloat2.uasset" 154
"../../../Engine/Content/Functions/Engine_MaterialFunctions03/Math/WithinRangeFloat2.uexp" 155
"../../../Engine/Content/EditorLandscapeResources/MaskBrushMaterial.uasset" 156
"../../../Engine/Content/EditorLandscapeResources/MaskBrushMaterial.uexp" 157
"../../../Engine/Content/EditorLandscapeResources/MaskBrushMaterial_MaskedRegion.uasset" 158
"../../../Engine/Content/EditorLandscapeResources/MaskBrushMaterial_MaskedRegion.uexp" 159
"../../../Engine/Plugins/Interchange/Assets/Content/Functions/MX_UsdPreviewSurface.uasset" 160
"../../../Engine/Plugins/Interchange/Assets/Content/Functions/MX_UsdPreviewSurface.uexp" 161
"../../../Engine/Content/Functions/Engine_MaterialFunctions02/SplitComponents.uasset" 162
"../../../Engine/Content/Functions/Engine_MaterialFunctions02/SplitComponents.uexp" 163
"../../../Engine/Content/Functions/Engine_MaterialFunctions02/Utility/BreakOutFloat3Components.uasset" 164
"../../../Engine/Content/Functions/Engine_MaterialFunctions02/Utility/BreakOutFloat3Components.uexp" 165
"../../../Engine/Content/Functions/Engine_MaterialFunctions02/Math/Transform3x3Matrix.uasset" 166
"../../../Engine/Content/Functions/Engine_MaterialFunctions02/Math/Transform3x3Matrix.uexp" 167
"../../../Engine/Content/VREditor/SnapGrid/SnapGridMaterial.uasset" 168
"../../../Engine/Content/VREditor/SnapGrid/SnapGridMaterial.uexp" 169
"../../../Engine/Content/VREditor/SnapGrid/SnapGridPlaneMesh.ubulk" 170
"../../../Engine/Content/VREditor/SnapGrid/SnapGridPlaneMesh.uasset" 171
"../../../Engine/Content/VREditor/SnapGrid/SnapGridPlaneMesh.uexp" 172
"../../../Engine/Content/VREditor/LaserPointer/VR_LaserPower_01.ubulk" 173
"../../../Engine/Content/VREditor/LaserPointer/VR_LaserPower_01.uasset" 174
"../../../Engine/Content/VREditor/LaserPointer/VR_LaserPower_01.uexp" 175
"../../../Engine/Content/VREditor/TransformGizmo/TransformGizmoMaterial.uasset" 176
"../../../Engine/Content/VREditor/TransformGizmo/TransformGizmoMaterial.uexp" 177
"../../../Engine/Content/VREditor/TransformGizmo/TranslucentTransformGizmoMaterial.uasset" 178
"../../../Engine/Content/VREditor/TransformGizmo/TranslucentTransformGizmoMaterial.uexp" 179
"../../../Engine/Content/VREditor/TransformGizmo/PlaneTranslationHandle.ubulk" 180
"../../../Engine/Content/VREditor/TransformGizmo/PlaneTranslationHandle.uasset" 181
"../../../Engine/Content/VREditor/TransformGizmo/PlaneTranslationHandle.uexp" 182
"../../../Engine/Content/VREditor/TransformGizmo/RotationHandleFull.ubulk" 183
"../../../Engine/Content/VREditor/TransformGizmo/RotationHandleFull.uasset" 184
"../../../Engine/Content/VREditor/TransformGizmo/RotationHandleFull.uexp" 185
"../../../Engine/Content/VREditor/TransformGizmo/RotationHandleIndicator.ubulk" 186
"../../../Engine/Content/VREditor/TransformGizmo/RotationHandleIndicator.uasset" 187
"../../../Engine/Content/VREditor/TransformGizmo/RotationHandleIndicator.uexp" 188
"../../../Engine/Content/VREditor/TransformGizmo/RotationHandleQuarter.ubulk" 189
"../../../Engine/Content/VREditor/TransformGizmo/RotationHandleQuarter.uasset" 190
"../../../Engine/Content/VREditor/TransformGizmo/RotationHandleQuarter.uexp" 191
"../../../Engine/Content/VREditor/TransformGizmo/StartRotationHandleIndicator.ubulk" 192
"../../../Engine/Content/VREditor/TransformGizmo/StartRotationHandleIndicator.uasset" 193
"../../../Engine/Content/VREditor/TransformGizmo/StartRotationHandleIndicator.uexp" 194
"../../../Engine/Content/VREditor/TransformGizmo/TranslucentTransformGizmoMaterial_Inst.uasset" 195
"../../../Engine/Content/VREditor/TransformGizmo/TranslucentTransformGizmoMaterial_Inst.uexp" 196
"../../../Engine/Content/VREditor/TransformGizmo/TransformGizmoFreeRotation.ubulk" 197
"../../../Engine/Content/VREditor/TransformGizmo/TransformGizmoFreeRotation.uasset" 198
"../../../Engine/Content/VREditor/TransformGizmo/TransformGizmoFreeRotation.uexp" 199
"../../../Engine/Content/VREditor/TransformGizmo/TransformGizmoMaterial_Inst.uasset" 200
"../../../Engine/Content/VREditor/TransformGizmo/TransformGizmoMaterial_Inst.uexp" 201
"../../../Engine/Content/VREditor/TransformGizmo/TranslateArrowHandle.ubulk" 202
"../../../Engine/Content/VREditor/TransformGizmo/TranslateArrowHandle.uasset" 203
"../../../Engine/Content/VREditor/TransformGizmo/TranslateArrowHandle.uexp" 204
"../../../Engine/Content/VREditor/TransformGizmo/UniformScaleHandle.ubulk" 205
"../../../Engine/Content/VREditor/TransformGizmo/UniformScaleHandle.uasset" 206
"../../../Engine/Content/VREditor/TransformGizmo/UniformScaleHandle.uexp" 207
"../../../Engine/Content/VREditor/Sounds/UI/Drop_Item_From_ContentBrowser.ubulk" 208
"../../../Engine/Content/VREditor/Sounds/UI/Drop_Item_From_ContentBrowser.uasset" 209
"../../../Engine/Content/VREditor/Sounds/UI/Drop_Item_From_ContentBrowser.uexp" 210
"../../../Engine/Content/VREditor/Sounds/UI/Gizmo_Handle_Clicked.ubulk" 211
"../../../Engine/Content/VREditor/Sounds/UI/Gizmo_Handle_Clicked.uasset" 212
"../../../Engine/Content/VREditor/Sounds/UI/Gizmo_Handle_Clicked.uexp" 213
"../../../Engine/Content/VREditor/Sounds/UI/Object_PickUp.ubulk" 214
"../../../Engine/Content/VREditor/Sounds/UI/Object_PickUp.uasset" 215
"../../../Engine/Content/VREditor/Sounds/UI/Object_PickUp.uexp" 216
"../../../Engine/Content/VREditor/Sounds/UI/Object_Snaps_To_Another_Actor.ubulk" 217
"../../../Engine/Content/VREditor/Sounds/UI/Object_Snaps_To_Another_Actor.uasset" 218
"../../../Engine/Content/VREditor/Sounds/UI/Object_Snaps_To_Another_Actor.uexp" 219
"../../../Engine/Content/VREditor/Sounds/UI/Object_Snaps_To_Grid.ubulk" 220
"../../../Engine/Content/VREditor/Sounds/UI/Object_Snaps_To_Grid.uasset" 221
"../../../Engine/Content/VREditor/Sounds/UI/Object_Snaps_To_Grid.uexp" 222
"../../../Engine/Content/VREditor/Sounds/UI/Scaling_Down.ubulk" 223
"../../../Engine/Content/VREditor/Sounds/UI/Scaling_Down.uasset" 224
"../../../Engine/Content/VREditor/Sounds/UI/Scaling_Down.uexp" 225
"../../../Engine/Content/VREditor/Sounds/UI/Scaling_Up.ubulk" 226
"../../../Engine/Content/VREditor/Sounds/UI/Scaling_Up.uasset" 227
"../../../Engine/Content/VREditor/Sounds/UI/Scaling_Up.uexp" 228
"../../../Engine/Content/VREditor/Sounds/UI/Selection_Changes.ubulk" 229
"../../../Engine/Content/VREditor/Sounds/UI/Selection_Changes.uasset" 230
"../../../Engine/Content/VREditor/Sounds/UI/Selection_Changes.uexp" 231
"../../../Engine/Content/EngineResources/WhiteSquareTexture.uasset" 232
"../../../Engine/Content/EngineResources/WhiteSquareTexture.uexp" 233
"../../../Engine/Content/EngineMaterials/Widget3DPassThrough.uasset" 234
"../../../Engine/Content/EngineMaterials/Widget3DPassThrough.uexp" 235
"../../../Engine/Content/EngineMaterials/Widget3DPassThrough_Masked.uasset" 236
"../../../Engine/Content/EngineMaterials/Widget3DPassThrough_Masked.uexp" 237
"../../../Engine/Content/EngineMaterials/Widget3DPassThrough_Opaque.uasset" 238
"../../../Engine/Content/EngineMaterials/Widget3DPassThrough_Opaque.uexp" 239
"../../../Engine/Content/EngineMaterials/Widget3DPassThrough_Masked_OneSided.uasset" 240
"../../../Engine/Content/EngineMaterials/Widget3DPassThrough_Masked_OneSided.uexp" 241
"../../../Engine/Content/EditorLandscapeResources/SelectBrushMaterial.uasset" 242
"../../../Engine/Content/EditorLandscapeResources/SelectBrushMaterial.uexp" 243
"../../../Engine/Content/EditorLandscapeResources/SelectBrushMaterial_Selected.uasset" 244
"../../../Engine/Content/EditorLandscapeResources/SelectBrushMaterial_Selected.uexp" 245
"../../../Engine/Content/EditorLandscapeResources/SelectBrushMaterial_SelectedRegion.uasset" 246
"../../../Engine/Content/EditorLandscapeResources/SelectBrushMaterial_SelectedRegion.uexp" 247
"../../../Engine/Content/EngineMaterials/Widget3DPassThrough_Opaque_OneSided.uasset" 248
"../../../Engine/Content/EngineMaterials/Widget3DPassThrough_Opaque_OneSided.uexp" 249
"../../../Engine/Content/EngineMaterials/Widget3DPassThrough_Translucent.uasset" 250
"../../../Engine/Content/EngineMaterials/Widget3DPassThrough_Translucent.uexp" 251
"../../../Engine/Content/EngineMaterials/Widget3DPassThrough_Translucent_OneSided.uasset" 252
"../../../Engine/Content/EngineMaterials/Widget3DPassThrough_Translucent_OneSided.uexp" 253
"../../../Engine/Content/EditorLandscapeResources/SplineEditorMeshMat.uasset" 254
"../../../Engine/Content/EditorLandscapeResources/SplineEditorMeshMat.uexp" 255
"../../../Engine/Content/EditorLandscapeResources/SplineEditorMesh.ubulk" 256
"../../../Engine/Content/EditorLandscapeResources/SplineEditorMesh.uasset" 257
"../../../Engine/Content/EditorLandscapeResources/SplineEditorMesh.uexp" 258
"../../../Engine/Plugins/Animation/ControlRig/Content/Controls/ControlRigGizmoMaterial.uasset" 259
"../../../Engine/Plugins/Animation/ControlRig/Content/Controls/ControlRigGizmoMaterial.uexp" 260
"../../../Engine/Plugins/Animation/ControlRig/Content/Controls/ControlRigXRayMaterial.uasset" 261
"../../../Engine/Plugins/Animation/ControlRig/Content/Controls/ControlRigXRayMaterial.uexp" 262
"../../../Engine/Plugins/Animation/ControlRig/Content/Controls/ControlRig_Arrow2_1mm.ubulk" 263
"../../../Engine/Plugins/Animation/ControlRig/Content/Controls/ControlRig_Arrow2_1mm.uasset" 264
"../../../Engine/Plugins/Animation/ControlRig/Content/Controls/ControlRig_Arrow2_1mm.uexp" 265
"../../../Engine/Content/EditorResources/BSPVertex.uasset" 266
"../../../Engine/Content/EditorResources/BSPVertex.uexp" 267
"../../../Engine/Plugins/Animation/ControlRig/Content/Controls/ControlRig_Arrow2_3mm.ubulk" 268
"../../../Engine/Plugins/Animation/ControlRig/Content/Controls/ControlRig_Arrow2_3mm.uasset" 269
"../../../Engine/Plugins/Animation/ControlRig/Content/Controls/ControlRig_Arrow2_3mm.uexp" 270
"../../../Engine/Plugins/Animation/ControlRig/Content/Controls/ControlRig_Arrow2_solid.ubulk" 271
"../../../Engine/Plugins/Animation/ControlRig/Content/Controls/ControlRig_Arrow2_solid.uasset" 272
"../../../Engine/Plugins/Animation/ControlRig/Content/Controls/ControlRig_Arrow2_solid.uexp" 273
"../../../Engine/Plugins/Animation/ControlRig/Content/Controls/ControlRig_Arrow4_1mm.ubulk" 274
"../../../Engine/Plugins/Animation/ControlRig/Content/Controls/ControlRig_Arrow4_1mm.uasset" 275
"../../../Engine/Plugins/Animation/ControlRig/Content/Controls/ControlRig_Arrow4_1mm.uexp" 276
"../../../Engine/Plugins/Animation/ControlRig/Content/Controls/ControlRig_Arrow4_3mm.ubulk" 277
"../../../Engine/Plugins/Animation/ControlRig/Content/Controls/ControlRig_Arrow4_3mm.uasset" 278
"../../../Engine/Plugins/Animation/ControlRig/Content/Controls/ControlRig_Arrow4_3mm.uexp" 279
"../../../Engine/Plugins/Animation/ControlRig/Content/Controls/ControlRig_Arrow4_solid.ubulk" 280
"../../../Engine/Plugins/Animation/ControlRig/Content/Controls/ControlRig_Arrow4_solid.uasset" 281
"../../../Engine/Plugins/Animation/ControlRig/Content/Controls/ControlRig_Arrow4_solid.uexp" 282
"../../../Engine/Plugins/Animation/ControlRig/Content/Controls/ControlRig_Arrow_1mm.ubulk" 283
"../../../Engine/Plugins/Animation/ControlRig/Content/Controls/ControlRig_Arrow_1mm.uasset" 284
"../../../Engine/Plugins/Animation/ControlRig/Content/Controls/ControlRig_Arrow_1mm.uexp" 285
"../../../Engine/Plugins/Animation/ControlRig/Content/Controls/ControlRig_Arrow_3mm.ubulk" 286
"../../../Engine/Plugins/Animation/ControlRig/Content/Controls/ControlRig_Arrow_3mm.uasset" 287
"../../../Engine/Plugins/Animation/ControlRig/Content/Controls/ControlRig_Arrow_3mm.uexp" 288
"../../../Engine/Content/EngineMeshes/Sphere.ubulk" 289
"../../../Engine/Content/EngineMeshes/Sphere.uasset" 290
"../../../Engine/Content/EngineMeshes/Sphere.uexp" 291
"../../../Engine/Plugins/Animation/ControlRig/Content/Controls/ControlRig_Arrow_solid.ubulk" 292
"../../../Engine/Plugins/Animation/ControlRig/Content/Controls/ControlRig_Arrow_solid.uasset" 293
"../../../Engine/Plugins/Animation/ControlRig/Content/Controls/ControlRig_Arrow_solid.uexp" 294
"../../../Engine/Content/Functions/Engine_MaterialFunctions02/Utility/VectorLength.uasset" 295
"../../../Engine/Content/Functions/Engine_MaterialFunctions02/Utility/VectorLength.uexp" 296
"../../../Engine/Plugins/Experimental/MeshModelingToolsetExp/Content/Materials/GetDisplacementVectorForDepthBias.uasset" 297
"../../../Engine/Plugins/Experimental/MeshModelingToolsetExp/Content/Materials/GetDisplacementVectorForDepthBias.uexp" 298
"../../../Engine/Content/Functions/Engine_MaterialFunctions03/Viewport/MF_OrthoWidth.uasset" 299
"../../../Engine/Content/Functions/Engine_MaterialFunctions03/Viewport/MF_OrthoWidth.uexp" 300
"../../../Engine/Content/Functions/Engine_MaterialFunctions02/Utility/FOV.uasset" 301
"../../../Engine/Content/Functions/Engine_MaterialFunctions02/Utility/FOV.uexp" 302
"../../../Engine/Content/Functions/Engine_MaterialFunctions02/WorldPositionOffset/V2/ObjectScale.uasset" 303
"../../../Engine/Content/Functions/Engine_MaterialFunctions02/WorldPositionOffset/V2/ObjectScale.uexp" 304
"../../../Engine/Plugins/Experimental/MeshModelingToolsetExp/Content/Materials/PointSetOverlaidComponentMaterial.uasset" 305
"../../../Engine/Plugins/Experimental/MeshModelingToolsetExp/Content/Materials/PointSetOverlaidComponentMaterial.uexp" 306
"../../../Engine/Content/EditorResources/S_Actor.ubulk" 307
"../../../Engine/Content/EditorResources/S_Actor.uasset" 308
"../../../Engine/Content/EditorResources/S_Actor.uexp" 309
"../../../Engine/Plugins/Animation/ControlRig/Content/Controls/ControlRig_Box_1mm.ubulk" 310
"../../../Engine/Plugins/Animation/ControlRig/Content/Controls/ControlRig_Box_1mm.uasset" 311
"../../../Engine/Plugins/Animation/ControlRig/Content/Controls/ControlRig_Box_1mm.uexp" 312
"../../../Engine/Plugins/Animation/ControlRig/Content/Controls/ControlRig_Box_3mm.ubulk" 313
"../../../Engine/Plugins/Animation/ControlRig/Content/Controls/ControlRig_Box_3mm.uasset" 314
"../../../Engine/Plugins/Animation/ControlRig/Content/Controls/ControlRig_Box_3mm.uexp" 315
"../../../Engine/Content/EditorResources/S_BoxReflectionCapture.uasset" 316
"../../../Engine/Content/EditorResources/S_BoxReflectionCapture.uexp" 317
"../../../Engine/Plugins/Animation/ControlRig/Content/Controls/ControlRig_Box_solid.ubulk" 318
"../../../Engine/Plugins/Animation/ControlRig/Content/Controls/ControlRig_Box_solid.uasset" 319
"../../../Engine/Plugins/Animation/ControlRig/Content/Controls/ControlRig_Box_solid.uexp" 320
"../../../Engine/Plugins/Animation/ControlRig/Content/Controls/ControlRig_Circle_1mm.ubulk" 321
"../../../Engine/Plugins/Animation/ControlRig/Content/Controls/ControlRig_Circle_1mm.uasset" 322
"../../../Engine/Plugins/Animation/ControlRig/Content/Controls/ControlRig_Circle_1mm.uexp" 323
"../../../Engine/Plugins/Animation/ControlRig/Content/Controls/ControlRig_Circle_3mm.ubulk" 324
"../../../Engine/Plugins/Animation/ControlRig/Content/Controls/ControlRig_Circle_3mm.uasset" 325
"../../../Engine/Plugins/Animation/ControlRig/Content/Controls/ControlRig_Circle_3mm.uexp" 326
"../../../Engine/Plugins/Animation/ControlRig/Content/Controls/ControlRig_Circle_solid.ubulk" 327
"../../../Engine/Plugins/Animation/ControlRig/Content/Controls/ControlRig_Circle_solid.uasset" 328
"../../../Engine/Plugins/Animation/ControlRig/Content/Controls/ControlRig_Circle_solid.uexp" 329
"../../../Engine/Content/EngineMaterials/DefaultBloomKernel.uasset" 330
"../../../Engine/Content/EngineMaterials/DefaultBloomKernel.uexp" 331
"../../../Engine/Content/EngineMaterials/DefaultBokeh.uasset" 332
"../../../Engine/Content/EngineMaterials/DefaultBokeh.uexp" 333
"../../../Engine/Plugins/Animation/ControlRig/Content/Controls/ControlRig_Diamond_1mm.ubulk" 334
"../../../Engine/Plugins/Animation/ControlRig/Content/Controls/ControlRig_Diamond_1mm.uasset" 335
"../../../Engine/Plugins/Animation/ControlRig/Content/Controls/ControlRig_Diamond_1mm.uexp" 336
"../../../Engine/Plugins/Animation/ControlRig/Content/Controls/ControlRig_Diamond_3mm.ubulk" 337
"../../../Engine/Plugins/Animation/ControlRig/Content/Controls/ControlRig_Diamond_3mm.uasset" 338
"../../../Engine/Plugins/Animation/ControlRig/Content/Controls/ControlRig_Diamond_3mm.uexp" 339
"../../../Engine/Plugins/Animation/ControlRig/Content/Controls/ControlRig_Diamond_solid.ubulk" 340
"../../../Engine/Plugins/Animation/ControlRig/Content/Controls/ControlRig_Diamond_solid.uasset" 341
"../../../Engine/Plugins/Animation/ControlRig/Content/Controls/ControlRig_Diamond_solid.uexp" 342
"../../../Engine/Plugins/Animation/ControlRig/Content/Controls/ControlRig_HalfCircle_1mm.ubulk" 343
"../../../Engine/Plugins/Animation/ControlRig/Content/Controls/ControlRig_HalfCircle_1mm.uasset" 344
"../../../Engine/Plugins/Animation/ControlRig/Content/Controls/ControlRig_HalfCircle_1mm.uexp" 345
"../../../Engine/Content/EngineResources/Black.uasset" 346
"../../../Engine/Content/EngineResources/Black.uexp" 347
"../../../Engine/Plugins/Animation/ControlRig/Content/Controls/ControlRig_HalfCircle_3mm.ubulk" 348
"../../../Engine/Plugins/Animation/ControlRig/Content/Controls/ControlRig_HalfCircle_3mm.uasset" 349
"../../../Engine/Plugins/Animation/ControlRig/Content/Controls/ControlRig_HalfCircle_3mm.uexp" 350
"../../../Engine/Content/EngineMaterials/DefaultDeferredDecalMaterial.uasset" 351
"../../../Engine/Content/EngineMaterials/DefaultDeferredDecalMaterial.uexp" 352
"../../../Engine/Plugins/Animation/ControlRig/Content/Controls/ControlRig_HalfCircle_solid.ubulk" 353
"../../../Engine/Plugins/Animation/ControlRig/Content/Controls/ControlRig_HalfCircle_solid.uasset" 354
"../../../Engine/Plugins/Animation/ControlRig/Content/Controls/ControlRig_HalfCircle_solid.uexp" 355
"../../../Engine/Content/EngineResources/DefaultTexture.ubulk" 356
"../../../Engine/Content/EngineResources/DefaultTexture.uasset" 357
"../../../Engine/Content/EngineResources/DefaultTexture.uexp" 358
"../../../Engine/Content/EngineResources/DefaultTextureCube.uasset" 359
"../../../Engine/Content/EngineResources/DefaultTextureCube.uexp" 360
"../../../Engine/Plugins/Animation/ControlRig/Content/Controls/ControlRig_Hexagon_1mm.ubulk" 361
"../../../Engine/Plugins/Animation/ControlRig/Content/Controls/ControlRig_Hexagon_1mm.uasset" 362
"../../../Engine/Plugins/Animation/ControlRig/Content/Controls/ControlRig_Hexagon_1mm.uexp" 363
"../../../Engine/Plugins/Animation/ControlRig/Content/Controls/ControlRig_Hexagon_3mm.ubulk" 364
"../../../Engine/Plugins/Animation/ControlRig/Content/Controls/ControlRig_Hexagon_3mm.uasset" 365
"../../../Engine/Plugins/Animation/ControlRig/Content/Controls/ControlRig_Hexagon_3mm.uexp" 366
"../../../Engine/Content/EngineMaterials/DefaultLightFunctionMaterial.uasset" 367
"../../../Engine/Content/EngineMaterials/DefaultLightFunctionMaterial.uexp" 368
"../../../Engine/Plugins/Animation/ControlRig/Content/Controls/ControlRig_Hexagon_solid.ubulk" 369
"../../../Engine/Plugins/Animation/ControlRig/Content/Controls/ControlRig_Hexagon_solid.uasset" 370
"../../../Engine/Plugins/Animation/ControlRig/Content/Controls/ControlRig_Hexagon_solid.uexp" 371
"../../../Engine/Plugins/Interchange/Assets/Content/Substrate/MX_SimpleVolume.uasset" 372
"../../../Engine/Plugins/Interchange/Assets/Content/Substrate/MX_SimpleVolume.uexp" 373
"../../../Engine/Plugins/Runtime/AudioWidgets/Content/Resources/ScrubHandleDown_Clamped.uasset" 374
"../../../Engine/Plugins/Runtime/AudioWidgets/Content/Resources/ScrubHandleDown_Clamped.uexp" 375
"../../../Engine/Plugins/Animation/ControlRig/Content/Controls/ControlRig_Octagon_1mm.ubulk" 376
"../../../Engine/Plugins/Animation/ControlRig/Content/Controls/ControlRig_Octagon_1mm.uasset" 377
"../../../Engine/Plugins/Animation/ControlRig/Content/Controls/ControlRig_Octagon_1mm.uexp" 378
"../../../Engine/Content/EngineResources/GradientTexture0.uasset" 379
"../../../Engine/Content/EngineResources/GradientTexture0.uexp" 380
"../../../Engine/Plugins/Animation/ControlRig/Content/Controls/ControlRig_Octagon_3mm.ubulk" 381
"../../../Engine/Plugins/Animation/ControlRig/Content/Controls/ControlRig_Octagon_3mm.uasset" 382
"../../../Engine/Plugins/Animation/ControlRig/Content/Controls/ControlRig_Octagon_3mm.uexp" 383
"../../../Engine/Content/EngineMaterials/DefaultPostProcessMaterial.uasset" 384
"../../../Engine/Content/EngineMaterials/DefaultPostProcessMaterial.uexp" 385
"../../../Engine/Content/EngineFonts/RobotoDistanceField.uasset" 386
"../../../Engine/Content/EngineFonts/RobotoDistanceField.uexp" 387
"../../../Engine/Content/EngineMaterials/DefaultTextMaterialOpaque.uasset" 388
"../../../Engine/Content/EngineMaterials/DefaultTextMaterialOpaque.uexp" 389
"../../../Engine/Plugins/Animation/ControlRig/Content/Controls/ControlRig_Octagon_solid.ubulk" 390
"../../../Engine/Plugins/Animation/ControlRig/Content/Controls/ControlRig_Octagon_solid.uasset" 391
"../../../Engine/Plugins/Animation/ControlRig/Content/Controls/ControlRig_Octagon_solid.uexp" 392
"../../../Engine/Plugins/Animation/ControlRig/Content/Controls/ControlRig_Pyramid_1mm.ubulk" 393
"../../../Engine/Plugins/Animation/ControlRig/Content/Controls/ControlRig_Pyramid_1mm.uasset" 394
"../../../Engine/Plugins/Animation/ControlRig/Content/Controls/ControlRig_Pyramid_1mm.uexp" 395
"../../../Engine/Content/EngineMaterials/DefaultWhiteGrid.ubulk" 396
"../../../Engine/Content/EngineMaterials/DefaultWhiteGrid.uasset" 397
"../../../Engine/Content/EngineMaterials/DefaultWhiteGrid.uexp" 398
"../../../Engine/Plugins/Animation/ControlRig/Content/Controls/ControlRig_Pyramid_3mm.ubulk" 399
"../../../Engine/Plugins/Animation/ControlRig/Content/Controls/ControlRig_Pyramid_3mm.uasset" 400
"../../../Engine/Plugins/Animation/ControlRig/Content/Controls/ControlRig_Pyramid_3mm.uexp" 401
"../../../Engine/Plugins/Animation/ControlRig/Content/Controls/ControlRig_Pyramid_solid.ubulk" 402
"../../../Engine/Plugins/Animation/ControlRig/Content/Controls/ControlRig_Pyramid_solid.uasset" 403
"../../../Engine/Plugins/Animation/ControlRig/Content/Controls/ControlRig_Pyramid_solid.uexp" 404
"../../../Engine/Content/EditorResources/S_Solver.ubulk" 405
"../../../Engine/Content/EditorResources/S_Solver.uasset" 406
"../../../Engine/Content/EditorResources/S_Solver.uexp" 407
"../../../Engine/Content/EngineResources/LandscapeVisibilityLayerInfo.uasset" 408
"../../../Engine/Content/EngineResources/LandscapeVisibilityLayerInfo.uexp" 409
"../../../Engine/Content/EngineMaterials/DefaultWhiteGrid_Low.uasset" 410
"../../../Engine/Content/EngineMaterials/DefaultWhiteGrid_Low.uexp" 411
"../../../Engine/Content/EngineMaterials/EmissiveMeshMaterial.uasset" 412
"../../../Engine/Content/EngineMaterials/EmissiveMeshMaterial.uexp" 413
"../../../Engine/Plugins/Animation/ControlRig/Content/Controls/ControlRig_QuarterCircle_1mm.ubulk" 414
"../../../Engine/Plugins/Animation/ControlRig/Content/Controls/ControlRig_QuarterCircle_1mm.uasset" 415
"../../../Engine/Plugins/Animation/ControlRig/Content/Controls/ControlRig_QuarterCircle_1mm.uexp" 416
"../../../Engine/Plugins/Animation/ControlRig/Content/Controls/ControlRig_QuarterCircle_3mm.ubulk" 417
"../../../Engine/Plugins/Animation/ControlRig/Content/Controls/ControlRig_QuarterCircle_3mm.uasset" 418
"../../../Engine/Plugins/Animation/ControlRig/Content/Controls/ControlRig_QuarterCircle_3mm.uexp" 419
"../../../Engine/Content/EditorResources/S_Terrain.ubulk" 420
"../../../Engine/Content/EditorResources/S_Terrain.uasset" 421
"../../../Engine/Content/EditorResources/S_Terrain.uexp" 422
"../../../Engine/Content/EngineMaterials/FastBlueNoise_scalar_128x128x64.uasset" 423
"../../../Engine/Content/EngineMaterials/FastBlueNoise_scalar_128x128x64.uexp" 424
"../../../Engine/Plugins/Animation/ControlRig/Content/Controls/ControlRig_QuarterCircle_solid.ubulk" 425
"../../../Engine/Plugins/Animation/ControlRig/Content/Controls/ControlRig_QuarterCircle_solid.uasset" 426
"../../../Engine/Plugins/Animation/ControlRig/Content/Controls/ControlRig_QuarterCircle_solid.uexp" 427
"../../../Engine/Content/EngineMaterials/FastBlueNoise_scalar_128x128x8.uasset" 428
"../../../Engine/Content/EngineMaterials/FastBlueNoise_scalar_128x128x8.uexp" 429
"../../../Engine/Plugins/Animation/ControlRig/Content/Controls/ControlRig_RoundedSquare_1mm.ubulk" 430
"../../../Engine/Plugins/Animation/ControlRig/Content/Controls/ControlRig_RoundedSquare_1mm.uasset" 431
"../../../Engine/Plugins/Animation/ControlRig/Content/Controls/ControlRig_RoundedSquare_1mm.uexp" 432
"../../../Engine/Content/EditorResources/S_Trigger.ubulk" 433
"../../../Engine/Content/EditorResources/S_Trigger.uasset" 434
"../../../Engine/Content/EditorResources/S_Trigger.uexp" 435
"../../../Engine/Content/EngineMaterials/FastBlueNoise_vec2_128x128x64.uasset" 436
"../../../Engine/Content/EngineMaterials/FastBlueNoise_vec2_128x128x64.uexp" 437
"../../../Engine/Content/EditorMaterials/Dataflow/DataflowTwoSidedVertexMaterial.uasset" 438
"../../../Engine/Content/EditorMaterials/Dataflow/DataflowTwoSidedVertexMaterial.uexp" 439
"../../../Engine/Plugins/Animation/ControlRig/Content/Controls/ControlRig_RoundedSquare_3mm.ubulk" 440
"../../../Engine/Plugins/Animation/ControlRig/Content/Controls/ControlRig_RoundedSquare_3mm.uasset" 441
"../../../Engine/Plugins/Animation/ControlRig/Content/Controls/ControlRig_RoundedSquare_3mm.uexp" 442
"../../../Engine/Content/EditorResources/S_TriggerBox.uasset" 443
"../../../Engine/Content/EditorResources/S_TriggerBox.uexp" 444
"../../../Engine/Content/EditorMaterials/Dataflow/DataflowVertexMaterial.uasset" 445
"../../../Engine/Content/EditorMaterials/Dataflow/DataflowVertexMaterial.uexp" 446
"../../../Engine/Plugins/Animation/ControlRig/Content/Controls/ControlRig_RoundedSquare_solid.ubulk" 447
"../../../Engine/Plugins/Animation/ControlRig/Content/Controls/ControlRig_RoundedSquare_solid.uasset" 448
"../../../Engine/Plugins/Animation/ControlRig/Content/Controls/ControlRig_RoundedSquare_solid.uexp" 449
"../../../Engine/Content/EngineMaterials/BaseFlattenDiffuseMap.uasset" 450
"../../../Engine/Content/EngineMaterials/BaseFlattenDiffuseMap.uexp" 451
"../../../Engine/Content/EngineMaterials/BaseFlattenEmissiveMap.uasset" 452
"../../../Engine/Content/EngineMaterials/BaseFlattenEmissiveMap.uexp" 453
"../../../Engine/Content/EngineMaterials/BaseFlattenGrayscaleMap.uasset" 454
"../../../Engine/Content/EngineMaterials/BaseFlattenGrayscaleMap.uexp" 455
"../../../Engine/Content/EngineMaterials/BaseFlattenLinearColor.uasset" 456
"../../../Engine/Content/EngineMaterials/BaseFlattenLinearColor.uexp" 457
"../../../Engine/Content/EngineMaterials/BaseFlattenNormalMap.uasset" 458
"../../../Engine/Content/EngineMaterials/BaseFlattenNormalMap.uexp" 459
"../../../Engine/Content/Functions/Engine_MaterialFunctions02/PivotPainter2/Black_1x1_EXR_Texture.uasset" 460
"../../../Engine/Content/Functions/Engine_MaterialFunctions02/PivotPainter2/Black_1x1_EXR_Texture.uexp" 461
"../../../Engine/Content/EngineMaterials/FlattenMaterial.uasset" 462
"../../../Engine/Content/EngineMaterials/FlattenMaterial.uexp" 463
"../../../Engine/Content/EditorResources/S_TriggerCapsule.uasset" 464
"../../../Engine/Content/EditorResources/S_TriggerCapsule.uexp" 465
"../../../Engine/Content/EditorResources/S_TriggerSphere.uasset" 466
"../../../Engine/Content/EditorResources/S_TriggerSphere.uexp" 467
"../../../Engine/Content/EngineMaterials/BaseFlattenDiffuseMap_VT.ubulk" 468
"../../../Engine/Content/EngineMaterials/BaseFlattenDiffuseMap_VT.uasset" 469
"../../../Engine/Content/EngineMaterials/BaseFlattenDiffuseMap_VT.uexp" 470
"../../../Engine/Content/EngineMaterials/BaseFlattenEmissiveMap_VT.ubulk" 471
"../../../Engine/Content/EngineMaterials/BaseFlattenEmissiveMap_VT.uasset" 472
"../../../Engine/Content/EngineMaterials/BaseFlattenEmissiveMap_VT.uexp" 473
"../../../Engine/Content/EngineMaterials/BaseFlattenGrayscaleMap_VT.ubulk" 474
"../../../Engine/Content/EngineMaterials/BaseFlattenGrayscaleMap_VT.uasset" 475
"../../../Engine/Content/EngineMaterials/BaseFlattenGrayscaleMap_VT.uexp" 476
"../../../Engine/Content/EngineMaterials/BaseFlattenLinearColor_VT.ubulk" 477
"../../../Engine/Content/EngineMaterials/BaseFlattenLinearColor_VT.uasset" 478
"../../../Engine/Content/EngineMaterials/BaseFlattenLinearColor_VT.uexp" 479
"../../../Engine/Content/EngineMaterials/BaseFlattenNormalMap_VT.ubulk" 480
"../../../Engine/Content/EngineMaterials/BaseFlattenNormalMap_VT.uasset" 481
"../../../Engine/Content/EngineMaterials/BaseFlattenNormalMap_VT.uexp" 482
"../../../Engine/Content/EngineMaterials/Black_1x1_EXR_Texture_VT.ubulk" 483
"../../../Engine/Content/EngineMaterials/Black_1x1_EXR_Texture_VT.uasset" 484
"../../../Engine/Content/EngineMaterials/Black_1x1_EXR_Texture_VT.uexp" 485
"../../../Engine/Content/EngineMaterials/FlattenMaterial_VT.uasset" 486
"../../../Engine/Content/EngineMaterials/FlattenMaterial_VT.uexp" 487
"../../../Engine/Plugins/Animation/ControlRig/Content/Controls/ControlRig_RoundedTriangle_1mm.ubulk" 488
"../../../Engine/Plugins/Animation/ControlRig/Content/Controls/ControlRig_RoundedTriangle_1mm.uasset" 489
"../../../Engine/Plugins/Animation/ControlRig/Content/Controls/ControlRig_RoundedTriangle_1mm.uexp" 490
"../../../Engine/Content/EngineMaterials/FlattenMaterial_WS_Normal_VT.uasset" 491
"../../../Engine/Content/EngineMaterials/FlattenMaterial_WS_Normal_VT.uexp" 492
"../../../Engine/Plugins/Animation/ControlRig/Content/Controls/ControlRig_RoundedTriangle_3mm.ubulk" 493
"../../../Engine/Plugins/Animation/ControlRig/Content/Controls/ControlRig_RoundedTriangle_3mm.uasset" 494
"../../../Engine/Plugins/Animation/ControlRig/Content/Controls/ControlRig_RoundedTriangle_3mm.uexp" 495
"../../../Engine/Plugins/Interchange/Assets/Content/Functions/MX_AbsorptionVDF.uasset" 496
"../../../Engine/Plugins/Interchange/Assets/Content/Functions/MX_AbsorptionVDF.uexp" 497
"../../../Engine/Content/EngineMaterials/GizmoMaterial.uasset" 498
"../../../Engine/Content/EngineMaterials/GizmoMaterial.uexp" 499
"../../../Engine/Plugins/Animation/ControlRig/Content/Controls/ControlRig_RoundedTriangle_solid.ubulk" 500
"../../../Engine/Plugins/Animation/ControlRig/Content/Controls/ControlRig_RoundedTriangle_solid.uasset" 501
"../../../Engine/Plugins/Animation/ControlRig/Content/Controls/ControlRig_RoundedTriangle_solid.uexp" 502
"../../../Engine/Plugins/Animation/ControlRig/Content/Controls/ControlRig_Sphere_1mm.ubulk" 503
"../../../Engine/Plugins/Animation/ControlRig/Content/Controls/ControlRig_Sphere_1mm.uasset" 504
"../../../Engine/Plugins/Animation/ControlRig/Content/Controls/ControlRig_Sphere_1mm.uexp" 505
"../../../Engine/Plugins/Interchange/Assets/Content/Functions/MX_AnisotropicVDF.uasset" 506
"../../../Engine/Plugins/Interchange/Assets/Content/Functions/MX_AnisotropicVDF.uexp" 507
"../../../Engine/Plugins/Animation/ControlRig/Content/Controls/ControlRig_Sphere_3mm.ubulk" 508
"../../../Engine/Plugins/Animation/ControlRig/Content/Controls/ControlRig_Sphere_3mm.uasset" 509
"../../../Engine/Plugins/Animation/ControlRig/Content/Controls/ControlRig_Sphere_3mm.uexp" 510
"../../../Engine/Plugins/Interchange/Assets/Content/Functions/MX_BurleyDiffuseBSDF.uasset" 511
"../../../Engine/Plugins/Interchange/Assets/Content/Functions/MX_BurleyDiffuseBSDF.uexp" 512
"../../../Engine/Plugins/Animation/ControlRig/Content/Controls/ControlRig_Sphere_solid.ubulk" 513
"../../../Engine/Plugins/Animation/ControlRig/Content/Controls/ControlRig_Sphere_solid.uasset" 514
"../../../Engine/Plugins/Animation/ControlRig/Content/Controls/ControlRig_Sphere_solid.uexp" 515
"../../../Engine/Plugins/Animation/ControlRig/Content/Controls/ControlRig_Square_1mm.ubulk" 516
"../../../Engine/Plugins/Animation/ControlRig/Content/Controls/ControlRig_Square_1mm.uasset" 517
"../../../Engine/Plugins/Animation/ControlRig/Content/Controls/ControlRig_Square_1mm.uexp" 518
"../../../Engine/Plugins/Interchange/Assets/Content/Functions/MX_ChiangHairBSDF.uasset" 519
"../../../Engine/Plugins/Interchange/Assets/Content/Functions/MX_ChiangHairBSDF.uexp" 520
"../../../Engine/Plugins/Animation/ControlRig/Content/Controls/ControlRig_Square_3mm.ubulk" 521
"../../../Engine/Plugins/Animation/ControlRig/Content/Controls/ControlRig_Square_3mm.uasset" 522
"../../../Engine/Plugins/Animation/ControlRig/Content/Controls/ControlRig_Square_3mm.uexp" 523
"../../../Engine/Plugins/Interchange/Assets/Content/Functions/MX_ConductorBSDF.uasset" 524
"../../../Engine/Plugins/Interchange/Assets/Content/Functions/MX_ConductorBSDF.uexp" 525
"../../../Engine/Plugins/Interchange/Assets/Content/Functions/MX_ConicalEDF.uasset" 526
"../../../Engine/Plugins/Interchange/Assets/Content/Functions/MX_ConicalEDF.uexp" 527
"../../../Engine/Plugins/Animation/ControlRig/Content/Controls/ControlRig_Square_solid.ubulk" 528
"../../../Engine/Plugins/Animation/ControlRig/Content/Controls/ControlRig_Square_solid.uasset" 529
"../../../Engine/Plugins/Animation/ControlRig/Content/Controls/ControlRig_Square_solid.uexp" 530
"../../../Engine/Plugins/Animation/ControlRig/Content/Controls/ControlRig_Star4_1mm.ubulk" 531
"../../../Engine/Plugins/Animation/ControlRig/Content/Controls/ControlRig_Star4_1mm.uasset" 532
"../../../Engine/Plugins/Animation/ControlRig/Content/Controls/ControlRig_Star4_1mm.uexp" 533
"../../../Engine/Plugins/Interchange/Assets/Content/Functions/MX_DielectricBSDF.uasset" 534
"../../../Engine/Plugins/Interchange/Assets/Content/Functions/MX_DielectricBSDF.uexp" 535
"../../../Engine/Content/EngineDamageTypes/DmgTypeBP_Environmental.uasset" 536
"../../../Engine/Content/EngineDamageTypes/DmgTypeBP_Environmental.uexp" 537
"../../../Engine/Plugins/Interchange/Assets/Content/Functions/MX_Displacement.uasset" 538
"../../../Engine/Plugins/Interchange/Assets/Content/Functions/MX_Displacement.uexp" 539
"../../../Engine/Plugins/Animation/ControlRig/Content/Controls/ControlRig_Star4_3mm.ubulk" 540
"../../../Engine/Plugins/Animation/ControlRig/Content/Controls/ControlRig_Star4_3mm.uasset" 541
"../../../Engine/Plugins/Animation/ControlRig/Content/Controls/ControlRig_Star4_3mm.uexp" 542
"../../../Engine/Content/EngineMaterials/MiniFont.uasset" 543
"../../../Engine/Content/EngineMaterials/MiniFont.uexp" 544
"../../../Engine/Plugins/Animation/ControlRig/Content/Controls/ControlRig_Star4_solid.ubulk" 545
"../../../Engine/Plugins/Animation/ControlRig/Content/Controls/ControlRig_Star4_solid.uasset" 546
"../../../Engine/Plugins/Animation/ControlRig/Content/Controls/ControlRig_Star4_solid.uexp" 547
"../../../Engine/Content/EngineMaterials/InvalidLightmapSettings.ubulk" 548
"../../../Engine/Content/EngineMaterials/InvalidLightmapSettings.uasset" 549
"../../../Engine/Content/EngineMaterials/InvalidLightmapSettings.uexp" 550
"../../../Engine/Content/EngineMaterials/M_InvalidLightmapSettings.uasset" 551
"../../../Engine/Content/EngineMaterials/M_InvalidLightmapSettings.uexp" 552
"../../../Engine/Plugins/Animation/ControlRig/Content/Controls/ControlRig_Triangle_1mm.ubulk" 553
"../../../Engine/Plugins/Animation/ControlRig/Content/Controls/ControlRig_Triangle_1mm.uasset" 554
"../../../Engine/Plugins/Animation/ControlRig/Content/Controls/ControlRig_Triangle_1mm.uexp" 555
"../../../Engine/Content/EngineMaterials/NaniteHiddenSectionMaterial.uasset" 556
"../../../Engine/Content/EngineMaterials/NaniteHiddenSectionMaterial.uexp" 557
"../../../Engine/Plugins/Animation/ControlRig/Content/Controls/ControlRig_Triangle_3mm.ubulk" 558
"../../../Engine/Plugins/Animation/ControlRig/Content/Controls/ControlRig_Triangle_3mm.uasset" 559
"../../../Engine/Plugins/Animation/ControlRig/Content/Controls/ControlRig_Triangle_3mm.uexp" 560
"../../../Engine/Plugins/Animation/ControlRig/Content/Controls/ControlRig_Triangle_solid.ubulk" 561
"../../../Engine/Plugins/Animation/ControlRig/Content/Controls/ControlRig_Triangle_solid.uasset" 562
"../../../Engine/Plugins/Animation/ControlRig/Content/Controls/ControlRig_Triangle_solid.uexp" 563
"../../../Engine/Plugins/Animation/ControlRig/Content/Controls/ControlRig_Wedge_1mm.ubulk" 564
"../../../Engine/Plugins/Animation/ControlRig/Content/Controls/ControlRig_Wedge_1mm.uasset" 565
"../../../Engine/Plugins/Animation/ControlRig/Content/Controls/ControlRig_Wedge_1mm.uexp" 566
"../../../Engine/Content/Functions/Engine_MaterialFunctions02/WorldPositionOffset/CameraOffset.uasset" 567
"../../../Engine/Content/Functions/Engine_MaterialFunctions02/WorldPositionOffset/CameraOffset.uexp" 568
"../../../Engine/Content/EngineMaterials/PhAT_JointLimitMaterial.uasset" 569
"../../../Engine/Content/EngineMaterials/PhAT_JointLimitMaterial.uexp" 570
"../../../Engine/Plugins/Animation/ControlRig/Content/Controls/ControlRig_Wedge_3mm.ubulk" 571
"../../../Engine/Plugins/Animation/ControlRig/Content/Controls/ControlRig_Wedge_3mm.uasset" 572
"../../../Engine/Plugins/Animation/ControlRig/Content/Controls/ControlRig_Wedge_3mm.uexp" 573
"../../../Engine/Content/EngineMaterials/DefaultCalibrationColor.uasset" 574
"../../../Engine/Content/EngineMaterials/DefaultCalibrationColor.uexp" 575
"../../../Engine/Content/EngineMaterials/PPM_DefaultCalibrationColor.uasset" 576
"../../../Engine/Content/EngineMaterials/PPM_DefaultCalibrationColor.uexp" 577
"../../../Engine/Plugins/Animation/ControlRig/Content/Controls/ControlRig_Wedge_solid.ubulk" 578
"../../../Engine/Plugins/Animation/ControlRig/Content/Controls/ControlRig_Wedge_solid.uasset" 579
"../../../Engine/Plugins/Animation/ControlRig/Content/Controls/ControlRig_Wedge_solid.uexp" 580
"../../../Engine/Content/EngineMaterials/DefaultCalibrationGrayscale.uasset" 581
"../../../Engine/Content/EngineMaterials/DefaultCalibrationGrayscale.uexp" 582
"../../../Engine/Content/EngineMaterials/PPM_DefaultCalibrationGrayscale.uasset" 583
"../../../Engine/Content/EngineMaterials/PPM_DefaultCalibrationGrayscale.uexp" 584
"../../../Engine/Plugins/Runtime/HairStrands/Content/Materials/HairCardsDefaultMaterial.uasset" 585
"../../../Engine/Plugins/Runtime/HairStrands/Content/Materials/HairCardsDefaultMaterial.uexp" 586
"../../../Engine/Content/Functions/Engine_MaterialFunctions02/Utility/MakeFloat2.uasset" 587
"../../../Engine/Content/Functions/Engine_MaterialFunctions02/Utility/MakeFloat2.uexp" 588
"../../../Engine/Content/EngineMaterials/HairColorMap.uasset" 589
"../../../Engine/Content/EngineMaterials/HairColorMap.uexp" 590
"../../../Engine/Content/EngineMaterials/HairDebugColor.uasset" 591
"../../../Engine/Content/EngineMaterials/HairDebugColor.uexp" 592
"../../../Engine/Plugins/Runtime/HairStrands/Content/Materials/HairGroupColors.uasset" 593
"../../../Engine/Plugins/Runtime/HairStrands/Content/Materials/HairGroupColors.uexp" 594
"../../../Engine/Plugins/Runtime/HairStrands/Content/Materials/HairDebugMaterial.uasset" 595
"../../../Engine/Plugins/Runtime/HairStrands/Content/Materials/HairDebugMaterial.uexp" 596
"../../../Engine/Plugins/Runtime/HairStrands/Content/Materials/HairDefaultMaterial.uasset" 597
"../../../Engine/Plugins/Runtime/HairStrands/Content/Materials/HairDefaultMaterial.uexp" 598
"../../../Engine/Plugins/Interchange/Runtime/Content/Pipelines/DefaultAssetsPipeline.uasset" 599
"../../../Engine/Plugins/Interchange/Runtime/Content/Pipelines/DefaultAssetsPipeline.uexp" 600
"../../../Engine/Plugins/Interchange/Runtime/Content/Pipelines/DefaultAudioPipeline.uasset" 601
"../../../Engine/Plugins/Interchange/Runtime/Content/Pipelines/DefaultAudioPipeline.uexp" 602
"../../../Engine/Plugins/Interchange/Runtime/Content/Pipelines/DefaultGLTFAssetsPipeline.uasset" 603
"../../../Engine/Plugins/Interchange/Runtime/Content/Pipelines/DefaultGLTFAssetsPipeline.uexp" 604
"../../../Engine/Plugins/Interchange/Runtime/Content/Pipelines/DefaultGLTFPipeline.uasset" 605
"../../../Engine/Plugins/Interchange/Runtime/Content/Pipelines/DefaultGLTFPipeline.uexp" 606
"../../../Engine/Plugins/Interchange/Runtime/Content/Pipelines/DefaultGLTFSceneAssetsPipeline.uasset" 607
"../../../Engine/Plugins/Interchange/Runtime/Content/Pipelines/DefaultGLTFSceneAssetsPipeline.uexp" 608
"../../../Engine/Plugins/Interchange/Runtime/Content/Pipelines/DefaultMaterialPipeline.uasset" 609
"../../../Engine/Plugins/Interchange/Runtime/Content/Pipelines/DefaultMaterialPipeline.uexp" 610
"../../../Engine/Plugins/Interchange/Runtime/Content/Pipelines/DefaultMaterialXPipeline.uasset" 611
"../../../Engine/Plugins/Interchange/Runtime/Content/Pipelines/DefaultMaterialXPipeline.uexp" 612
"../../../Engine/Plugins/Interchange/Runtime/Content/Pipelines/DefaultSceneAssetsPipeline.uasset" 613
"../../../Engine/Plugins/Interchange/Runtime/Content/Pipelines/DefaultSceneAssetsPipeline.uexp" 614
"../../../Engine/Plugins/Interchange/Runtime/Content/Pipelines/DefaultSceneLevelPipeline.uasset" 615
"../../../Engine/Plugins/Interchange/Runtime/Content/Pipelines/DefaultSceneLevelPipeline.uexp" 616
"../../../Engine/Plugins/Interchange/Runtime/Content/Pipelines/DefaultTexturePipeline.uasset" 617
"../../../Engine/Plugins/Interchange/Runtime/Content/Pipelines/DefaultTexturePipeline.uexp" 618
"../../../Engine/Plugins/Runtime/HairStrands/Content/Materials/HairMeshesDefaultMaterial.uasset" 619
"../../../Engine/Plugins/Runtime/HairStrands/Content/Materials/HairMeshesDefaultMaterial.uexp" 620
"../../../Engine/Content/EditorMaterials/ParticleSystems/PSysThumbnail_NoImage.ubulk" 621
"../../../Engine/Content/EditorMaterials/ParticleSystems/PSysThumbnail_NoImage.uasset" 622
"../../../Engine/Content/EditorMaterials/ParticleSystems/PSysThumbnail_NoImage.uexp" 623
"../../../Engine/Content/EditorMaterials/ParticleSystems/PSysThumbnail_OOD.ubulk" 624
"../../../Engine/Content/EditorMaterials/ParticleSystems/PSysThumbnail_OOD.uasset" 625
"../../../Engine/Content/EditorMaterials/ParticleSystems/PSysThumbnail_OOD.uexp" 626
"../../../Engine/Content/EngineMaterials/EnergyConservation/Diffuse_Energy.uasset" 627
"../../../Engine/Content/EngineMaterials/EnergyConservation/Diffuse_Energy.uexp" 628
"../../../Engine/Content/EngineMaterials/EnergyConservation/GGX_ReflectionEnergy.uasset" 629
"../../../Engine/Content/EngineMaterials/EnergyConservation/GGX_ReflectionEnergy.uexp" 630
"../../../Engine/Content/EngineMaterials/EnergyConservation/GGX_TransmissionEnergyArray.uasset" 631
"../../../Engine/Content/EngineMaterials/EnergyConservation/GGX_TransmissionEnergyArray.uexp" 632
"../../../Engine/Content/EngineMaterials/EnergyConservation/SheenLegacy_Energy.uasset" 633
"../../../Engine/Content/EngineMaterials/EnergyConservation/SheenLegacy_Energy.uexp" 634
"../../../Engine/Content/EngineMaterials/EnergyConservation/Sheen_Energy.uasset" 635
"../../../Engine/Content/EngineMaterials/EnergyConservation/Sheen_Energy.uexp" 636
"../../../Engine/Content/EngineMaterials/LTC/GGX_LTCAmp.uasset" 637
"../../../Engine/Content/EngineMaterials/LTC/GGX_LTCAmp.uexp" 638
"../../../Engine/Content/EditorMaterials/Camera/CineMat.uasset" 639
"../../../Engine/Content/EditorMaterials/Camera/CineMat.uexp" 640
"../../../Engine/Content/EditorMaterials/Camera/MI_CineMat_Rig.uasset" 641
"../../../Engine/Content/EditorMaterials/Camera/MI_CineMat_Rig.uexp" 642
"../../../Engine/Content/EditorMeshes/Camera/SM_CraneRig_Arm.ubulk" 643
"../../../Engine/Content/EditorMeshes/Camera/SM_CraneRig_Arm.uasset" 644
"../../../Engine/Content/EditorMeshes/Camera/SM_CraneRig_Arm.uexp" 645
"../../../Engine/Content/VREditor/TransformGizmo/BoundingBoxCorner.ubulk" 646
"../../../Engine/Content/VREditor/TransformGizmo/BoundingBoxCorner.uasset" 647
"../../../Engine/Content/VREditor/TransformGizmo/BoundingBoxCorner.uexp" 648
"../../../Engine/Content/EngineMaterials/LTC/GGX_LTCMat.uasset" 649
"../../../Engine/Content/EngineMaterials/LTC/GGX_LTCMat.uexp" 650
"../../../Engine/Content/EditorMeshes/Camera/SM_CraneRig_Base.ubulk" 651
"../../../Engine/Content/EditorMeshes/Camera/SM_CraneRig_Base.uasset" 652
"../../../Engine/Content/EditorMeshes/Camera/SM_CraneRig_Base.uexp" 653
"../../../Engine/Content/VREditor/TransformGizmo/BoundingBoxEdge.ubulk" 654
"../../../Engine/Content/VREditor/TransformGizmo/BoundingBoxEdge.uasset" 655
"../../../Engine/Content/VREditor/TransformGizmo/BoundingBoxEdge.uexp" 656
"../../../Engine/Content/EngineMaterials/LTC/Sheen_LTC.uasset" 657
"../../../Engine/Content/EngineMaterials/LTC/Sheen_LTC.uexp" 658
"../../../Engine/Content/EditorMeshes/Camera/SM_CraneRig_Body.ubulk" 659
"../../../Engine/Content/EditorMeshes/Camera/SM_CraneRig_Body.uasset" 660
"../../../Engine/Content/EditorMeshes/Camera/SM_CraneRig_Body.uexp" 661
"../../../Engine/Content/EditorMeshes/Camera/SM_CraneRig_Mount.ubulk" 662
"../../../Engine/Content/EditorMeshes/Camera/SM_CraneRig_Mount.uasset" 663
"../../../Engine/Content/EditorMeshes/Camera/SM_CraneRig_Mount.uexp" 664
"../../../Engine/Content/EditorMeshes/Camera/SM_RailRig_Mount.ubulk" 665
"../../../Engine/Content/EditorMeshes/Camera/SM_RailRig_Mount.uasset" 666
"../../../Engine/Content/EditorMeshes/Camera/SM_RailRig_Mount.uexp" 667
"../../../Engine/Content/EditorMeshes/Camera/SM_RailRig_Track.ubulk" 668
"../../../Engine/Content/EditorMeshes/Camera/SM_RailRig_Track.uasset" 669
"../../../Engine/Content/EditorMeshes/Camera/SM_RailRig_Track.uexp" 670
"../../../Engine/Content/EngineResources/Development/ZenLogo_64.uasset" 671
"../../../Engine/Content/EngineResources/Development/ZenLogo_64.uexp" 672
"../../../Engine/Content/EngineResources/FilmGrains/Marcie_Grain_v3_128_M2_000.uasset" 673
"../../../Engine/Content/EngineResources/FilmGrains/Marcie_Grain_v3_128_M2_000.uexp" 674
"../../../Engine/Plugins/Animation/DeformerGraph/Content/DeformerFunctions/DG_Function_LinearBlendSkin_Morph_Cloth.uasset" 675
"../../../Engine/Plugins/Animation/DeformerGraph/Content/DeformerFunctions/DG_Function_LinearBlendSkin_Morph_Cloth.uexp" 676
"../../../Engine/Plugins/Animation/DeformerGraph/Content/Deformers/DG_LinearBlendSkin_Morph_Cloth.uasset" 677
"../../../Engine/Plugins/Animation/DeformerGraph/Content/Deformers/DG_LinearBlendSkin_Morph_Cloth.uexp" 678
"../../../Engine/Content/EditorResources/SequenceRecorder/Countdown.uasset" 679
"../../../Engine/Content/EditorResources/SequenceRecorder/Countdown.uexp" 680
"../../../Engine/Plugins/Animation/DeformerGraph/Content/DeformerFunctions/DG_Function_ComputeNormalsTangents.uasset" 681
"../../../Engine/Plugins/Animation/DeformerGraph/Content/DeformerFunctions/DG_Function_ComputeNormalsTangents.uexp" 682
"../../../Engine/Plugins/Animation/DeformerGraph/Content/DeformerFunctions/DG_Function_LinearBlendSkin_Morph_Cloth_PositionOnly.uasset" 683
"../../../Engine/Plugins/Animation/DeformerGraph/Content/DeformerFunctions/DG_Function_LinearBlendSkin_Morph_Cloth_PositionOnly.uexp" 684
"../../../Engine/Plugins/Animation/DeformerGraph/Content/Deformers/DG_LinearBlendSkin_Morph_Cloth_RecomputeNormals.uasset" 685
"../../../Engine/Plugins/Animation/DeformerGraph/Content/Deformers/DG_LinearBlendSkin_Morph_Cloth_RecomputeNormals.uexp" 686
"../../../Engine/Content/EditorResources/SequenceRecorder/RecordingIndicator.uasset" 687
"../../../Engine/Content/EditorResources/SequenceRecorder/RecordingIndicator.uexp" 688
"../../../Engine/Content/Functions/Engine_MaterialFunctions02/WorldPositionOffset/ObjectScale.uasset" 689
"../../../Engine/Content/Functions/Engine_MaterialFunctions02/WorldPositionOffset/ObjectScale.uexp" 690
"../../../Engine/Plugins/Editor/SpeedTreeImporter/Content/SpeedTree9/Empty.uasset" 691
"../../../Engine/Plugins/Editor/SpeedTreeImporter/Content/SpeedTree9/Empty.uexp" 692
"../../../Engine/Plugins/Editor/SpeedTreeImporter/Content/SpeedTree9/EmptyNormal.uasset" 693
"../../../Engine/Plugins/Editor/SpeedTreeImporter/Content/SpeedTree9/EmptyNormal.uexp" 694
"../../../Engine/Plugins/Editor/SpeedTreeImporter/Content/SpeedTree9/game_wind_noise.ubulk" 695
"../../../Engine/Plugins/Editor/SpeedTreeImporter/Content/SpeedTree9/game_wind_noise.uasset" 696
"../../../Engine/Plugins/Editor/SpeedTreeImporter/Content/SpeedTree9/game_wind_noise.uexp" 697
"../../../Engine/Plugins/Editor/SpeedTreeImporter/Content/SpeedTree9/SpeedTreeBillboard.uasset" 698
"../../../Engine/Plugins/Editor/SpeedTreeImporter/Content/SpeedTree9/SpeedTreeBillboard.uexp" 699
"../../../Engine/Content/Functions/Engine_MaterialFunctions02/SafeNormalize.uasset" 700
"../../../Engine/Content/Functions/Engine_MaterialFunctions02/SafeNormalize.uexp" 701
"../../../Engine/Plugins/Editor/SpeedTreeImporter/Content/SpeedTree9/SpeedTreeWindMotion.uasset" 702
"../../../Engine/Plugins/Editor/SpeedTreeImporter/Content/SpeedTree9/SpeedTreeWindMotion.uexp" 703
"../../../Engine/Plugins/Editor/SpeedTreeImporter/Content/SpeedTree9/UnpackDirection.uasset" 704
"../../../Engine/Plugins/Editor/SpeedTreeImporter/Content/SpeedTree9/UnpackDirection.uexp" 705
"../../../Engine/Plugins/Editor/SpeedTreeImporter/Content/SpeedTree9/UnpackInteger3.uasset" 706
"../../../Engine/Plugins/Editor/SpeedTreeImporter/Content/SpeedTree9/UnpackInteger3.uexp" 707
"../../../Engine/Plugins/Editor/SpeedTreeImporter/Content/SpeedTree9/SpeedTreeBranchMotion.uasset" 708
"../../../Engine/Plugins/Editor/SpeedTreeImporter/Content/SpeedTree9/SpeedTreeBranchMotion.uexp" 709
"../../../Engine/Content/Functions/Engine_MaterialFunctions02/ObjectLocalBounds.uasset" 710
"../../../Engine/Content/Functions/Engine_MaterialFunctions02/ObjectLocalBounds.uexp" 711
"../../../Engine/Content/Functions/Engine_MaterialFunctions02/UVs/BoundingBoxBased_0-1_UVW.uasset" 712
"../../../Engine/Content/Functions/Engine_MaterialFunctions02/UVs/BoundingBoxBased_0-1_UVW.uexp" 713
"../../../Engine/Plugins/Editor/SpeedTreeImporter/Content/SpeedTree9/SpeedTreeWind.uasset" 714
"../../../Engine/Plugins/Editor/SpeedTreeImporter/Content/SpeedTree9/SpeedTreeWind.uexp" 715
"../../../Engine/Plugins/Editor/SpeedTreeImporter/Content/SpeedTree9/SpeedTreeBillboardMaster.uasset" 716
"../../../Engine/Plugins/Editor/SpeedTreeImporter/Content/SpeedTree9/SpeedTreeBillboardMaster.uexp" 717
"../../../Engine/Plugins/Editor/SpeedTreeImporter/Content/SpeedTree9/SpeedTreeCameraFacing.uasset" 718
"../../../Engine/Plugins/Editor/SpeedTreeImporter/Content/SpeedTree9/SpeedTreeCameraFacing.uexp" 719
"../../../Engine/Plugins/Editor/SpeedTreeImporter/Content/SpeedTree9/SpeedTreeMaster.uasset" 720
"../../../Engine/Plugins/Editor/SpeedTreeImporter/Content/SpeedTree9/SpeedTreeMaster.uexp" 721
"../../../Engine/Content/Functions/Engine_MaterialFunctions01/Texturing/FlattenNormal.uasset" 722
"../../../Engine/Content/Functions/Engine_MaterialFunctions01/Texturing/FlattenNormal.uexp" 723
"../../../Engine/Plugins/Interchange/Assets/Content/Utilities/New_LUT.uasset" 724
"../../../Engine/Plugins/Interchange/Assets/Content/Utilities/New_LUT.uexp" 725
"../../../Engine/Content/Functions/Engine_MaterialFunctions03/Math/RemapValueRange.uasset" 726
"../../../Engine/Content/Functions/Engine_MaterialFunctions03/Math/RemapValueRange.uexp" 727
"../../../Engine/Plugins/Interchange/Assets/Content/Functions/MF_Iridescence.uasset" 728
"../../../Engine/Plugins/Interchange/Assets/Content/Functions/MF_Iridescence.uexp" 729
"../../../Engine/Plugins/Interchange/Assets/Content/gltf/Textures/T_White_srgb.uasset" 730
"../../../Engine/Plugins/Interchange/Assets/Content/gltf/Textures/T_White_srgb.uexp" 731
"../../../Engine/Plugins/Interchange/Assets/Content/gltf/MaterialFunctions/MF_BaseColor.uasset" 732
"../../../Engine/Plugins/Interchange/Assets/Content/gltf/MaterialFunctions/MF_BaseColor.uexp" 733
"../../../Engine/Plugins/Interchange/Assets/Content/gltf/MaterialFunctions/MF_RotateNormals_TS.uasset" 734
"../../../Engine/Plugins/Interchange/Assets/Content/gltf/MaterialFunctions/MF_RotateNormals_TS.uexp" 735
"../../../Engine/Plugins/Interchange/Assets/Content/gltf/Textures/T_Generic_N.uasset" 736
"../../../Engine/Plugins/Interchange/Assets/Content/gltf/Textures/T_Generic_N.uexp" 737
"../../../Engine/Plugins/Interchange/Assets/Content/gltf/Textures/T_White_Linear.uasset" 738
"../../../Engine/Plugins/Interchange/Assets/Content/gltf/Textures/T_White_Linear.uexp" 739
"../../../Engine/Plugins/Interchange/Assets/Content/gltf/MaterialFunctions/MF_Clearcoat.uasset" 740
"../../../Engine/Plugins/Interchange/Assets/Content/gltf/MaterialFunctions/MF_Clearcoat.uexp" 741
"../../../Engine/Plugins/Interchange/Assets/Content/gltf/MaterialFunctions/MF_Emissive.uasset" 742
"../../../Engine/Plugins/Interchange/Assets/Content/gltf/MaterialFunctions/MF_Emissive.uexp" 743
"../../../Engine/Plugins/Interchange/Assets/Content/gltf/MaterialFunctions/MF_IOR.uasset" 744
"../../../Engine/Plugins/Interchange/Assets/Content/gltf/MaterialFunctions/MF_IOR.uexp" 745
"../../../Engine/Plugins/Interchange/Assets/Content/gltf/MaterialFunctions/MF_Iridescence.uasset" 746
"../../../Engine/Plugins/Interchange/Assets/Content/gltf/MaterialFunctions/MF_Iridescence.uexp" 747
"../../../Engine/Plugins/Interchange/Assets/Content/gltf/MaterialFunctions/MF_MetallicRoughness.uasset" 748
"../../../Engine/Plugins/Interchange/Assets/Content/gltf/MaterialFunctions/MF_MetallicRoughness.uexp" 749
"../../../Engine/Plugins/Interchange/Assets/Content/gltf/MaterialFunctions/MF_ScaleNormal.uasset" 750
"../../../Engine/Plugins/Interchange/Assets/Content/gltf/MaterialFunctions/MF_ScaleNormal.uexp" 751
"../../../Engine/Plugins/Interchange/Assets/Content/gltf/MaterialFunctions/MF_Normals.uasset" 752
"../../../Engine/Plugins/Interchange/Assets/Content/gltf/MaterialFunctions/MF_Normals.uexp" 753
"../../../Engine/Plugins/Interchange/Assets/Content/gltf/MaterialFunctions/MF_Occlusion.uasset" 754
"../../../Engine/Plugins/Interchange/Assets/Content/gltf/MaterialFunctions/MF_Occlusion.uexp" 755
"../../../Engine/Plugins/Interchange/Assets/Content/gltf/MaterialFunctions/MF_Specular.uasset" 756
"../../../Engine/Plugins/Interchange/Assets/Content/gltf/MaterialFunctions/MF_Specular.uexp" 757
"../../../Engine/Plugins/Interchange/Assets/Content/gltf/Textures/T_Anisotropy_Direction_Linear.uasset" 758
"../../../Engine/Plugins/Interchange/Assets/Content/gltf/Textures/T_Anisotropy_Direction_Linear.uexp" 759
"../../../Engine/Plugins/Interchange/Assets/Content/gltf/MaterialFunctions/MF_SpecularAnisotropy.uasset" 760
"../../../Engine/Plugins/Interchange/Assets/Content/gltf/MaterialFunctions/MF_SpecularAnisotropy.uexp" 761
"../../../Engine/Plugins/Interchange/Assets/Content/gltf/MaterialFunctions/MF_RotateV2.uasset" 762
"../../../Engine/Plugins/Interchange/Assets/Content/gltf/MaterialFunctions/MF_RotateV2.uexp" 763
"../../../Engine/Plugins/Interchange/Assets/Content/gltf/MaterialFunctions/MF_TransformUVs.uasset" 764
"../../../Engine/Plugins/Interchange/Assets/Content/gltf/MaterialFunctions/MF_TransformUVs.uexp" 765
"../../../Engine/Plugins/Interchange/Assets/Content/gltf/MaterialBodies/MF_ClearCoat_Body.uasset" 766
"../../../Engine/Plugins/Interchange/Assets/Content/gltf/MaterialBodies/MF_ClearCoat_Body.uexp" 767
"../../../Engine/Plugins/Interchange/Assets/Content/gltf/M_ClearCoat.uasset" 768
"../../../Engine/Plugins/Interchange/Assets/Content/gltf/M_ClearCoat.uexp" 769
"../../../Engine/Plugins/Interchange/Assets/Content/gltf/MaterialInstances/MI_ClearCoat_Blend.uasset" 770
"../../../Engine/Plugins/Interchange/Assets/Content/gltf/MaterialInstances/MI_ClearCoat_Blend.uexp" 771
"../../../Engine/Plugins/Interchange/Assets/Content/gltf/MaterialInstances/MI_ClearCoat_Blend_DS.uasset" 772
"../../../Engine/Plugins/Interchange/Assets/Content/gltf/MaterialInstances/MI_ClearCoat_Blend_DS.uexp" 773
"../../../Engine/Plugins/Interchange/Assets/Content/gltf/MaterialInstances/MI_ClearCoat_Mask.uasset" 774
"../../../Engine/Plugins/Interchange/Assets/Content/gltf/MaterialInstances/MI_ClearCoat_Mask.uexp" 775
"../../../Engine/Plugins/Interchange/Assets/Content/gltf/MaterialInstances/MI_ClearCoat_Mask_DS.uasset" 776
"../../../Engine/Plugins/Interchange/Assets/Content/gltf/MaterialInstances/MI_ClearCoat_Mask_DS.uexp" 777
"../../../Engine/Plugins/Interchange/Assets/Content/gltf/MaterialInstances/MI_ClearCoat_Opaque.uasset" 778
"../../../Engine/Plugins/Interchange/Assets/Content/gltf/MaterialInstances/MI_ClearCoat_Opaque.uexp" 779
"../../../Engine/Plugins/Interchange/Assets/Content/gltf/MaterialInstances/MI_ClearCoat_Opaque_DS.uasset" 780
"../../../Engine/Plugins/Interchange/Assets/Content/gltf/MaterialInstances/MI_ClearCoat_Opaque_DS.uexp" 781
"../../../Engine/Plugins/Interchange/Assets/Content/gltf/MaterialBodies/MF_Default_Body.uasset" 782
"../../../Engine/Plugins/Interchange/Assets/Content/gltf/MaterialBodies/MF_Default_Body.uexp" 783
"../../../Engine/Plugins/Interchange/Assets/Content/gltf/M_Default.uasset" 784
"../../../Engine/Plugins/Interchange/Assets/Content/gltf/M_Default.uexp" 785
"../../../Engine/Plugins/Interchange/Assets/Content/gltf/MaterialInstances/MI_Default_Blend.uasset" 786
"../../../Engine/Plugins/Interchange/Assets/Content/gltf/MaterialInstances/MI_Default_Blend.uexp" 787
"../../../Engine/Plugins/Interchange/Assets/Content/gltf/MaterialInstances/MI_Default_Blend_DS.uasset" 788
"../../../Engine/Plugins/Interchange/Assets/Content/gltf/MaterialInstances/MI_Default_Blend_DS.uexp" 789
"../../../Engine/Plugins/Interchange/Assets/Content/gltf/MaterialInstances/MI_Default_Mask.uasset" 790
"../../../Engine/Plugins/Interchange/Assets/Content/gltf/MaterialInstances/MI_Default_Mask.uexp" 791
"../../../Engine/Plugins/Interchange/Assets/Content/gltf/MaterialInstances/MI_Default_Mask_DS.uasset" 792
"../../../Engine/Plugins/Interchange/Assets/Content/gltf/MaterialInstances/MI_Default_Mask_DS.uexp" 793
"../../../Engine/Plugins/Interchange/Assets/Content/gltf/MaterialInstances/MI_Default_Opaque.uasset" 794
"../../../Engine/Plugins/Interchange/Assets/Content/gltf/MaterialInstances/MI_Default_Opaque.uexp" 795
"../../../Engine/Plugins/Interchange/Assets/Content/gltf/MaterialFunctions/MF_Sheen.uasset" 796
"../../../Engine/Plugins/Interchange/Assets/Content/gltf/MaterialFunctions/MF_Sheen.uexp" 797
"../../../Engine/Plugins/Interchange/Assets/Content/gltf/MaterialBodies/MF_Sheen_Body.uasset" 798
"../../../Engine/Plugins/Interchange/Assets/Content/gltf/MaterialBodies/MF_Sheen_Body.uexp" 799
"../../../Engine/Plugins/Interchange/Assets/Content/gltf/M_Sheen.uasset" 800
"../../../Engine/Plugins/Interchange/Assets/Content/gltf/M_Sheen.uexp" 801
"../../../Engine/Plugins/Interchange/Assets/Content/gltf/MaterialInstances/MI_Sheen_Blend.uasset" 802
"../../../Engine/Plugins/Interchange/Assets/Content/gltf/MaterialInstances/MI_Sheen_Blend.uexp" 803
"../../../Engine/Plugins/Interchange/Assets/Content/gltf/MaterialInstances/MI_Sheen_Blend_DS.uasset" 804
"../../../Engine/Plugins/Interchange/Assets/Content/gltf/MaterialInstances/MI_Sheen_Blend_DS.uexp" 805
"../../../Engine/Plugins/Interchange/Assets/Content/gltf/MaterialInstances/MI_Sheen_Mask.uasset" 806
"../../../Engine/Plugins/Interchange/Assets/Content/gltf/MaterialInstances/MI_Sheen_Mask.uexp" 807
"../../../Engine/Plugins/Interchange/Assets/Content/gltf/MaterialInstances/MI_Sheen_Mask_DS.uasset" 808
"../../../Engine/Plugins/Interchange/Assets/Content/gltf/MaterialInstances/MI_Sheen_Mask_DS.uexp" 809
"../../../Engine/Plugins/Interchange/Assets/Content/gltf/MaterialInstances/MI_Sheen_Opaque.uasset" 810
"../../../Engine/Plugins/Interchange/Assets/Content/gltf/MaterialInstances/MI_Sheen_Opaque.uexp" 811
"../../../Engine/Content/EngineMaterials/Substrate/GLints/AGlintTex2dArray.uasset" 812
"../../../Engine/Content/EngineMaterials/Substrate/GLints/AGlintTex2dArray.uexp" 813
"../../../Engine/Plugins/Interchange/Assets/Content/gltf/MaterialInstances/MI_Sheen_Opaque_DS.uasset" 814
"../../../Engine/Plugins/Interchange/Assets/Content/gltf/MaterialInstances/MI_Sheen_Opaque_DS.uexp" 815
"../../../Engine/Plugins/Interchange/Assets/Content/gltf/MaterialFunctions/MF_DiffuseSpecGloss.uasset" 816
"../../../Engine/Plugins/Interchange/Assets/Content/gltf/MaterialFunctions/MF_DiffuseSpecGloss.uexp" 817
"../../../Engine/Plugins/Interchange/Assets/Content/gltf/MaterialFunctions/MF_MaxComponentValue.uasset" 818
"../../../Engine/Plugins/Interchange/Assets/Content/gltf/MaterialFunctions/MF_MaxComponentValue.uexp" 819
"../../../Engine/Content/Functions/Engine_MaterialFunctions02/Math/AddComponents.uasset" 820
"../../../Engine/Content/Functions/Engine_MaterialFunctions02/Math/AddComponents.uexp" 821
"../../../Engine/Plugins/Interchange/Assets/Content/gltf/MaterialFunctions/MF_PerceivedBrightness.uasset" 822
"../../../Engine/Plugins/Interchange/Assets/Content/gltf/MaterialFunctions/MF_PerceivedBrightness.uexp" 823
"../../../Engine/Plugins/Interchange/Assets/Content/gltf/MaterialFunctions/MF_SpecGlossToMetalRoughness.uasset" 824
"../../../Engine/Plugins/Interchange/Assets/Content/gltf/MaterialFunctions/MF_SpecGlossToMetalRoughness.uexp" 825
"../../../Engine/Plugins/Interchange/Assets/Content/gltf/MaterialBodies/MF_SpecularGlossiness_Body.uasset" 826
"../../../Engine/Plugins/Interchange/Assets/Content/gltf/MaterialBodies/MF_SpecularGlossiness_Body.uexp" 827
"../../../Engine/Plugins/Interchange/Assets/Content/gltf/M_SpecularGlossiness.uasset" 828
"../../../Engine/Plugins/Interchange/Assets/Content/gltf/M_SpecularGlossiness.uexp" 829
"../../../Engine/Plugins/Interchange/Assets/Content/gltf/MaterialInstances/MI_SpecularGlossiness_Blend.uasset" 830
"../../../Engine/Plugins/Interchange/Assets/Content/gltf/MaterialInstances/MI_SpecularGlossiness_Blend.uexp" 831
"../../../Engine/Plugins/Interchange/Assets/Content/gltf/MaterialInstances/MI_SpecularGlossiness_Blend_DS.uasset" 832
"../../../Engine/Plugins/Interchange/Assets/Content/gltf/MaterialInstances/MI_SpecularGlossiness_Blend_DS.uexp" 833
"../../../Engine/Plugins/Interchange/Assets/Content/gltf/MaterialInstances/MI_SpecularGlossiness_Mask.uasset" 834
"../../../Engine/Plugins/Interchange/Assets/Content/gltf/MaterialInstances/MI_SpecularGlossiness_Mask.uexp" 835
"../../../Engine/Plugins/Interchange/Assets/Content/gltf/MaterialInstances/MI_SpecularGlossiness_Mask_DS.uasset" 836
"../../../Engine/Plugins/Interchange/Assets/Content/gltf/MaterialInstances/MI_SpecularGlossiness_Mask_DS.uexp" 837
"../../../Engine/Plugins/Interchange/Assets/Content/gltf/MaterialInstances/MI_SpecularGlossiness_Opaque.uasset" 838
"../../../Engine/Plugins/Interchange/Assets/Content/gltf/MaterialInstances/MI_SpecularGlossiness_Opaque.uexp" 839
"../../../Engine/Plugins/Interchange/Assets/Content/gltf/MaterialInstances/MI_SpecularGlossiness_Opaque_DS.uasset" 840
"../../../Engine/Plugins/Interchange/Assets/Content/gltf/MaterialInstances/MI_SpecularGlossiness_Opaque_DS.uexp" 841
"../../../Engine/Content/EngineMaterials/Good64x64TilingNoiseHighFreq.uasset" 842
"../../../Engine/Content/EngineMaterials/Good64x64TilingNoiseHighFreq.uexp" 843
"../../../Engine/Content/Functions/Engine_MaterialFunctions02/Texturing/ScreenAlignedPixelToPixelUVs.uasset" 844
"../../../Engine/Content/Functions/Engine_MaterialFunctions02/Texturing/ScreenAlignedPixelToPixelUVs.uexp" 845
"../../../Engine/Plugins/Interchange/Assets/Content/gltf/MaterialFunctions/MF_Fresnel_DS.uasset" 846
"../../../Engine/Plugins/Interchange/Assets/Content/gltf/MaterialFunctions/MF_Fresnel_DS.uexp" 847
"../../../Engine/Plugins/Interchange/Assets/Content/gltf/MaterialFunctions/MF_Temporal_Blur.uasset" 848
"../../../Engine/Plugins/Interchange/Assets/Content/gltf/MaterialFunctions/MF_Temporal_Blur.uexp" 849
"../../../Engine/Plugins/Interchange/Assets/Content/gltf/MaterialFunctions/MF_Transmission.uasset" 850
"../../../Engine/Plugins/Interchange/Assets/Content/gltf/MaterialFunctions/MF_Transmission.uexp" 851
"../../../Engine/Plugins/Interchange/Assets/Content/gltf/MaterialBodies/MF_Transmission_Body.uasset" 852
"../../../Engine/Plugins/Interchange/Assets/Content/gltf/MaterialBodies/MF_Transmission_Body.uexp" 853
"../../../Engine/Plugins/Interchange/Assets/Content/gltf/M_Transmission.uasset" 854
"../../../Engine/Plugins/Interchange/Assets/Content/gltf/M_Transmission.uexp" 855
"../../../Engine/Plugins/Interchange/Assets/Content/gltf/MaterialInstances/MI_Transmission.uasset" 856
"../../../Engine/Plugins/Interchange/Assets/Content/gltf/MaterialInstances/MI_Transmission.uexp" 857
"../../../Engine/Plugins/Interchange/Assets/Content/gltf/MaterialInstances/MI_Transmission_DS.uasset" 858
"../../../Engine/Plugins/Interchange/Assets/Content/gltf/MaterialInstances/MI_Transmission_DS.uexp" 859
"../../../Engine/Plugins/Interchange/Assets/Content/gltf/MaterialBodies/MF_Unlit_Body.uasset" 860
"../../../Engine/Plugins/Interchange/Assets/Content/gltf/MaterialBodies/MF_Unlit_Body.uexp" 861
"../../../Engine/Plugins/Interchange/Assets/Content/gltf/M_Unlit.uasset" 862
"../../../Engine/Plugins/Interchange/Assets/Content/gltf/M_Unlit.uexp" 863
"../../../Engine/Plugins/Interchange/Assets/Content/gltf/MaterialInstances/MI_Unlit_Blend.uasset" 864
"../../../Engine/Plugins/Interchange/Assets/Content/gltf/MaterialInstances/MI_Unlit_Blend.uexp" 865
"../../../Engine/Plugins/Interchange/Assets/Content/gltf/MaterialInstances/MI_Unlit_Blend_DS.uasset" 866
"../../../Engine/Plugins/Interchange/Assets/Content/gltf/MaterialInstances/MI_Unlit_Blend_DS.uexp" 867
"../../../Engine/Plugins/Interchange/Assets/Content/gltf/MaterialInstances/MI_Unlit_Mask.uasset" 868
"../../../Engine/Plugins/Interchange/Assets/Content/gltf/MaterialInstances/MI_Unlit_Mask.uexp" 869
"../../../Engine/Plugins/Interchange/Assets/Content/gltf/MaterialInstances/MI_Unlit_Mask_DS.uasset" 870
"../../../Engine/Plugins/Interchange/Assets/Content/gltf/MaterialInstances/MI_Unlit_Mask_DS.uexp" 871
"../../../Engine/Plugins/Interchange/Assets/Content/gltf/MaterialInstances/MI_Unlit_Opaque.uasset" 872
"../../../Engine/Plugins/Interchange/Assets/Content/gltf/MaterialInstances/MI_Unlit_Opaque.uexp" 873
"../../../Engine/Plugins/Interchange/Assets/Content/gltf/MaterialInstances/MI_Unlit_Opaque_DS.uasset" 874
"../../../Engine/Plugins/Interchange/Assets/Content/gltf/MaterialInstances/MI_Unlit_Opaque_DS.uexp" 875
"../../../Engine/Content/ArtTools/RenderToTexture/Meshes/S_1_Unit_Plane.ubulk" 876
"../../../Engine/Content/ArtTools/RenderToTexture/Meshes/S_1_Unit_Plane.uasset" 877
"../../../Engine/Content/ArtTools/RenderToTexture/Meshes/S_1_Unit_Plane.uexp" 878
"../../../Engine/Content/EngineMaterials/Substrate/Glints2/AGlintTex2dArray2.uasset" 879
"../../../Engine/Content/EngineMaterials/Substrate/Glints2/AGlintTex2dArray2.uexp" 880
"../../../Engine/Content/EngineMaterials/Substrate/Volume/SubstrateSimpleVolumeEnvLUT3D.uasset" 881
"../../../Engine/Content/EngineMaterials/Substrate/Volume/SubstrateSimpleVolumeEnvLUT3D.uexp" 882
"../../../Engine/Content/EngineMaterials/Substrate/Volume/SubstrateSimpleVolumeLUT3D.uasset" 883
"../../../Engine/Content/EngineMaterials/Substrate/Volume/SubstrateSimpleVolumeLUT3D.uexp" 884
"../../../Engine/Content/Functions/Engine_MaterialFunctions01/Shading/ConvertFromDiffSpec.uasset" 885
"../../../Engine/Content/Functions/Engine_MaterialFunctions01/Shading/ConvertFromDiffSpec.uexp" 886
"../../../Engine/Content/Functions/Engine_MaterialFunctions01/Shading/PowerToRoughness.uasset" 887
"../../../Engine/Content/Functions/Engine_MaterialFunctions01/Shading/PowerToRoughness.uexp" 888
"../../../Engine/Content/EngineMaterials/DefaultMaterial.uasset" 889
"../../../Engine/Content/EngineMaterials/DefaultMaterial.uexp" 890
"../../../Engine/Content/BasicShapes/Sphere.ubulk" 891
"../../../Engine/Content/BasicShapes/Sphere.uasset" 892
"../../../Engine/Content/BasicShapes/Sphere.uexp" 893
"../../../Engine/Content/BasicShapes/BasicShapeMaterial.uasset" 894
"../../../Engine/Content/BasicShapes/BasicShapeMaterial.uexp" 895
"C:/Users/symbi/Documents/School Stuff/ANGM/Scripting2/Ghoulish_V01/Content/Input/Actions/IA_Jump.uasset" 896
"C:/Users/symbi/Documents/School Stuff/ANGM/Scripting2/Ghoulish_V01/Content/Input/Actions/IA_Jump.uexp" 897
"C:/Users/symbi/Documents/School Stuff/ANGM/Scripting2/Ghoulish_V01/Content/Input/Actions/IA_Look.uasset" 898
"C:/Users/symbi/Documents/School Stuff/ANGM/Scripting2/Ghoulish_V01/Content/Input/Actions/IA_Look.uexp" 899
"C:/Users/symbi/Documents/School Stuff/ANGM/Scripting2/Ghoulish_V01/Content/Input/Actions/IA_Move.uasset" 900
"C:/Users/symbi/Documents/School Stuff/ANGM/Scripting2/Ghoulish_V01/Content/Input/Actions/IA_Move.uexp" 901
"C:/Users/symbi/Documents/School Stuff/ANGM/Scripting2/Ghoulish_V01/Content/Input/Actions/IA_Dash.uasset" 902
"C:/Users/symbi/Documents/School Stuff/ANGM/Scripting2/Ghoulish_V01/Content/Input/Actions/IA_Dash.uexp" 903
"C:/Users/symbi/Documents/School Stuff/ANGM/Scripting2/Ghoulish_V01/Content/Input/Actions/IA_GroundPound.uasset" 904
"C:/Users/symbi/Documents/School Stuff/ANGM/Scripting2/Ghoulish_V01/Content/Input/Actions/IA_GroundPound.uexp" 905
"C:/Users/symbi/Documents/School Stuff/ANGM/Scripting2/Ghoulish_V01/Content/Input/Actions/IA_Interact.uasset" 906
"C:/Users/symbi/Documents/School Stuff/ANGM/Scripting2/Ghoulish_V01/Content/Input/Actions/IA_Interact.uexp" 907
"C:/Users/symbi/Documents/School Stuff/ANGM/Scripting2/Ghoulish_V01/Content/Input/Actions/IA_Pause.uasset" 908
"C:/Users/symbi/Documents/School Stuff/ANGM/Scripting2/Ghoulish_V01/Content/Input/Actions/IA_Pause.uexp" 909
"C:/Users/symbi/Documents/School Stuff/ANGM/Scripting2/Ghoulish_V01/Content/Input/Actions/IA_Reload.uasset" 910
"C:/Users/symbi/Documents/School Stuff/ANGM/Scripting2/Ghoulish_V01/Content/Input/Actions/IA_Reload.uexp" 911
"C:/Users/symbi/Documents/School Stuff/ANGM/Scripting2/Ghoulish_V01/Content/Input/Actions/IA_Shoot.uasset" 912
"C:/Users/symbi/Documents/School Stuff/ANGM/Scripting2/Ghoulish_V01/Content/Input/Actions/IA_Shoot.uexp" 913
"C:/Users/symbi/Documents/School Stuff/ANGM/Scripting2/Ghoulish_V01/Content/Input/Actions/IA_MouseLook.uasset" 914
"C:/Users/symbi/Documents/School Stuff/ANGM/Scripting2/Ghoulish_V01/Content/Input/Actions/IA_MouseLook.uexp" 915
"../../../Engine/Plugins/Animation/ControlRig/Content/Controls/DefaultGizmoLibraryNormalized.uasset" 916
"../../../Engine/Plugins/Animation/ControlRig/Content/Controls/DefaultGizmoLibraryNormalized.uexp" 917
"C:/Users/symbi/Documents/School Stuff/ANGM/Scripting2/Ghoulish_V01/Content/FirstPerson/Anims/CtrlRig_FPWarp.uasset" 918
"C:/Users/symbi/Documents/School Stuff/ANGM/Scripting2/Ghoulish_V01/Content/FirstPerson/Anims/CtrlRig_FPWarp.uexp" 919
"C:/Users/symbi/Documents/School Stuff/ANGM/Scripting2/Ghoulish_V01/Content/Characters/Mannequins/Meshes/SK_Mannequin.uasset" 920
"C:/Users/symbi/Documents/School Stuff/ANGM/Scripting2/Ghoulish_V01/Content/Characters/Mannequins/Meshes/SK_Mannequin.uexp" 921
"C:/Users/symbi/Documents/School Stuff/ANGM/Scripting2/Ghoulish_V01/Content/FirstPerson/Anims/ABP_FP_Copy.uasset" 922
"C:/Users/symbi/Documents/School Stuff/ANGM/Scripting2/Ghoulish_V01/Content/FirstPerson/Anims/ABP_FP_Copy.uexp" 923
"C:/Users/symbi/Documents/School Stuff/ANGM/Scripting2/Ghoulish_V01/Content/Characters/Mannequins/Rigs/PA_Mannequin.uasset" 924
"C:/Users/symbi/Documents/School Stuff/ANGM/Scripting2/Ghoulish_V01/Content/Characters/Mannequins/Rigs/PA_Mannequin.uexp" 925
"C:/Users/symbi/Documents/School Stuff/ANGM/Scripting2/Ghoulish_V01/Content/Characters/Mannequins/Textures/Manny/T_Manny_01_BN.ubulk" 926
"C:/Users/symbi/Documents/School Stuff/ANGM/Scripting2/Ghoulish_V01/Content/Characters/Mannequins/Textures/Manny/T_Manny_01_BN.uasset" 927
"C:/Users/symbi/Documents/School Stuff/ANGM/Scripting2/Ghoulish_V01/Content/Characters/Mannequins/Textures/Manny/T_Manny_01_BN.uexp" 928
"C:/Users/symbi/Documents/School Stuff/ANGM/Scripting2/Ghoulish_V01/Content/Characters/Mannequins/Textures/Manny/T_Manny_01_D.ubulk" 929
"C:/Users/symbi/Documents/School Stuff/ANGM/Scripting2/Ghoulish_V01/Content/Characters/Mannequins/Textures/Manny/T_Manny_01_D.uasset" 930
"C:/Users/symbi/Documents/School Stuff/ANGM/Scripting2/Ghoulish_V01/Content/Characters/Mannequins/Textures/Manny/T_Manny_01_D.uexp" 931
"C:/Users/symbi/Documents/School Stuff/ANGM/Scripting2/Ghoulish_V01/Content/Characters/Mannequins/Textures/Manny/T_Manny_01_MRA.ubulk" 932
"C:/Users/symbi/Documents/School Stuff/ANGM/Scripting2/Ghoulish_V01/Content/Characters/Mannequins/Textures/Manny/T_Manny_01_MRA.uasset" 933
"C:/Users/symbi/Documents/School Stuff/ANGM/Scripting2/Ghoulish_V01/Content/Characters/Mannequins/Textures/Manny/T_Manny_01_MRA.uexp" 934
"C:/Users/symbi/Documents/School Stuff/ANGM/Scripting2/Ghoulish_V01/Content/Characters/Mannequins/Textures/Shared/T_UE_Logo_M.uasset" 935
"C:/Users/symbi/Documents/School Stuff/ANGM/Scripting2/Ghoulish_V01/Content/Characters/Mannequins/Textures/Shared/T_UE_Logo_M.uexp" 936
"C:/Users/symbi/Documents/School Stuff/ANGM/Scripting2/Ghoulish_V01/Content/Characters/Mannequins/Materials/M_Mannequin.uasset" 937
"C:/Users/symbi/Documents/School Stuff/ANGM/Scripting2/Ghoulish_V01/Content/Characters/Mannequins/Materials/M_Mannequin.uexp" 938
"C:/Users/symbi/Documents/School Stuff/ANGM/Scripting2/Ghoulish_V01/Content/Characters/Mannequins/Materials/Manny/MI_Manny_01_New.uasset" 939
"C:/Users/symbi/Documents/School Stuff/ANGM/Scripting2/Ghoulish_V01/Content/Characters/Mannequins/Materials/Manny/MI_Manny_01_New.uexp" 940
"C:/Users/symbi/Documents/School Stuff/ANGM/Scripting2/Ghoulish_V01/Content/Characters/Mannequins/Textures/Manny/T_Manny_02_D.ubulk" 941
"C:/Users/symbi/Documents/School Stuff/ANGM/Scripting2/Ghoulish_V01/Content/Characters/Mannequins/Textures/Manny/T_Manny_02_D.uasset" 942
"C:/Users/symbi/Documents/School Stuff/ANGM/Scripting2/Ghoulish_V01/Content/Characters/Mannequins/Textures/Manny/T_Manny_02_D.uexp" 943
"C:/Users/symbi/Documents/School Stuff/ANGM/Scripting2/Ghoulish_V01/Content/Characters/Mannequins/Textures/Manny/T_Manny_02_BN.ubulk" 944
"C:/Users/symbi/Documents/School Stuff/ANGM/Scripting2/Ghoulish_V01/Content/Characters/Mannequins/Textures/Manny/T_Manny_02_BN.uasset" 945
"C:/Users/symbi/Documents/School Stuff/ANGM/Scripting2/Ghoulish_V01/Content/Characters/Mannequins/Textures/Manny/T_Manny_02_BN.uexp" 946
"C:/Users/symbi/Documents/School Stuff/ANGM/Scripting2/Ghoulish_V01/Content/Characters/Mannequins/Textures/Manny/T_Manny_02_MRA.ubulk" 947
"C:/Users/symbi/Documents/School Stuff/ANGM/Scripting2/Ghoulish_V01/Content/Characters/Mannequins/Textures/Manny/T_Manny_02_MRA.uasset" 948
"C:/Users/symbi/Documents/School Stuff/ANGM/Scripting2/Ghoulish_V01/Content/Characters/Mannequins/Textures/Manny/T_Manny_02_MRA.uexp" 949
"C:/Users/symbi/Documents/School Stuff/ANGM/Scripting2/Ghoulish_V01/Content/Characters/Mannequins/Materials/Manny/MI_Manny_02_New.uasset" 950
"C:/Users/symbi/Documents/School Stuff/ANGM/Scripting2/Ghoulish_V01/Content/Characters/Mannequins/Materials/Manny/MI_Manny_02_New.uexp" 951
"C:/Users/symbi/Documents/School Stuff/ANGM/Scripting2/Ghoulish_V01/Content/Characters/Mannequins/Meshes/SKM_Manny_Simple.uasset" 952
"C:/Users/symbi/Documents/School Stuff/ANGM/Scripting2/Ghoulish_V01/Content/Characters/Mannequins/Meshes/SKM_Manny_Simple.uexp" 953
"C:/Users/symbi/Documents/School Stuff/ANGM/Scripting2/Ghoulish_V01/Content/Input/Touch/BPI_TouchInterface.uasset" 954
"C:/Users/symbi/Documents/School Stuff/ANGM/Scripting2/Ghoulish_V01/Content/Input/Touch/BPI_TouchInterface.uexp" 955
"../../../Engine/Content/MobileResources/HUD/VirtualJoystick_Background.uasset" 956
"../../../Engine/Content/MobileResources/HUD/VirtualJoystick_Background.uexp" 957
"../../../Engine/Content/MobileResources/HUD/VirtualJoystick_Thumb.uasset" 958
"../../../Engine/Content/MobileResources/HUD/VirtualJoystick_Thumb.uexp" 959
"C:/Users/symbi/Documents/School Stuff/ANGM/Scripting2/Ghoulish_V01/Content/Input/Touch/UI_Thumbstick.uasset" 960
"C:/Users/symbi/Documents/School Stuff/ANGM/Scripting2/Ghoulish_V01/Content/Input/Touch/UI_Thumbstick.uexp" 961
"C:/Users/symbi/Documents/School Stuff/ANGM/Scripting2/Ghoulish_V01/Content/Input/Touch/UI_TouchSimple.uasset" 962
"C:/Users/symbi/Documents/School Stuff/ANGM/Scripting2/Ghoulish_V01/Content/Input/Touch/UI_TouchSimple.uexp" 963
"C:/Users/symbi/Documents/School Stuff/ANGM/Scripting2/Ghoulish_V01/Content/Characters/Mannequins/Rigs/CR_Mannequin_FootIK.uasset" 964
"C:/Users/symbi/Documents/School Stuff/ANGM/Scripting2/Ghoulish_V01/Content/Characters/Mannequins/Rigs/CR_Mannequin_FootIK.uexp" 965
"../../../Engine/Content/Animation/DefaultAnimBoneCompressionSettings.uasset" 966
"../../../Engine/Content/Animation/DefaultAnimBoneCompressionSettings.uexp" 967
"../../../Engine/Content/Animation/DefaultAnimCurveCompressionSettings.uasset" 968
"../../../Engine/Content/Animation/DefaultAnimCurveCompressionSettings.uexp" 969
"../../../Engine/Content/Animation/DefaultVariableFrameStrippingSettings.uasset" 970
"../../../Engine/Content/Animation/DefaultVariableFrameStrippingSettings.uexp" 971
"C:/Users/symbi/Documents/School Stuff/ANGM/Scripting2/Ghoulish_V01/Content/Characters/Mannequins/Anims/Unarmed/MM_Idle.uasset" 972
"C:/Users/symbi/Documents/School Stuff/ANGM/Scripting2/Ghoulish_V01/Content/Characters/Mannequins/Anims/Unarmed/MM_Idle.uexp" 973
"C:/Users/symbi/Documents/School Stuff/ANGM/Scripting2/Ghoulish_V01/Content/Characters/Mannequins/Anims/Unarmed/Jog/MF_Unarmed_Jog_Bwd.uasset" 974
"C:/Users/symbi/Documents/School Stuff/ANGM/Scripting2/Ghoulish_V01/Content/Characters/Mannequins/Anims/Unarmed/Jog/MF_Unarmed_Jog_Bwd.uexp" 975
"../../../Engine/Plugins/Animation/ACLPlugin/Content/ACLAnimCurveCompressionSettings.uasset" 976
"../../../Engine/Plugins/Animation/ACLPlugin/Content/ACLAnimCurveCompressionSettings.uexp" 977
"../../../Engine/Content/Animation/DefaultRecorderBoneCompression.uasset" 978
"../../../Engine/Content/Animation/DefaultRecorderBoneCompression.uexp" 979
"C:/Users/symbi/Documents/School Stuff/ANGM/Scripting2/Ghoulish_V01/Content/Characters/Mannequins/Anims/Unarmed/Jog/MF_Unarmed_Jog_Bwd_Left.uasset" 980
"C:/Users/symbi/Documents/School Stuff/ANGM/Scripting2/Ghoulish_V01/Content/Characters/Mannequins/Anims/Unarmed/Jog/MF_Unarmed_Jog_Bwd_Left.uexp" 981
"C:/Users/symbi/Documents/School Stuff/ANGM/Scripting2/Ghoulish_V01/Content/Characters/Mannequins/Anims/Unarmed/Jog/MF_Unarmed_Jog_Bwd_Right.uasset" 982
"C:/Users/symbi/Documents/School Stuff/ANGM/Scripting2/Ghoulish_V01/Content/Characters/Mannequins/Anims/Unarmed/Jog/MF_Unarmed_Jog_Bwd_Right.uexp" 983
"C:/Users/symbi/Documents/School Stuff/ANGM/Scripting2/Ghoulish_V01/Content/Characters/Mannequins/Anims/Unarmed/Jog/MF_Unarmed_Jog_Fwd.uasset" 984
"C:/Users/symbi/Documents/School Stuff/ANGM/Scripting2/Ghoulish_V01/Content/Characters/Mannequins/Anims/Unarmed/Jog/MF_Unarmed_Jog_Fwd.uexp" 985
"C:/Users/symbi/Documents/School Stuff/ANGM/Scripting2/Ghoulish_V01/Content/Characters/Mannequins/Anims/Unarmed/Jog/MF_Unarmed_Jog_Fwd_Left.uasset" 986
"C:/Users/symbi/Documents/School Stuff/ANGM/Scripting2/Ghoulish_V01/Content/Characters/Mannequins/Anims/Unarmed/Jog/MF_Unarmed_Jog_Fwd_Left.uexp" 987
"C:/Users/symbi/Documents/School Stuff/ANGM/Scripting2/Ghoulish_V01/Content/Characters/Mannequins/Anims/Unarmed/Jog/MF_Unarmed_Jog_Fwd_Right.uasset" 988
"C:/Users/symbi/Documents/School Stuff/ANGM/Scripting2/Ghoulish_V01/Content/Characters/Mannequins/Anims/Unarmed/Jog/MF_Unarmed_Jog_Fwd_Right.uexp" 989
"C:/Users/symbi/Documents/School Stuff/ANGM/Scripting2/Ghoulish_V01/Content/Characters/Mannequins/Anims/Unarmed/Jog/MF_Unarmed_Jog_Left.uasset" 990
"C:/Users/symbi/Documents/School Stuff/ANGM/Scripting2/Ghoulish_V01/Content/Characters/Mannequins/Anims/Unarmed/Jog/MF_Unarmed_Jog_Left.uexp" 991
"C:/Users/symbi/Documents/School Stuff/ANGM/Scripting2/Ghoulish_V01/Content/Characters/Mannequins/Anims/Unarmed/Jog/MF_Unarmed_Jog_Right.uasset" 992
"C:/Users/symbi/Documents/School Stuff/ANGM/Scripting2/Ghoulish_V01/Content/Characters/Mannequins/Anims/Unarmed/Jog/MF_Unarmed_Jog_Right.uexp" 993
"C:/Users/symbi/Documents/School Stuff/ANGM/Scripting2/Ghoulish_V01/Content/Characters/Mannequins/Anims/Unarmed/Walk/MF_Unarmed_Walk_Bwd.uasset" 994
"C:/Users/symbi/Documents/School Stuff/ANGM/Scripting2/Ghoulish_V01/Content/Characters/Mannequins/Anims/Unarmed/Walk/MF_Unarmed_Walk_Bwd.uexp" 995
"C:/Users/symbi/Documents/School Stuff/ANGM/Scripting2/Ghoulish_V01/Content/Characters/Mannequins/Anims/Unarmed/Walk/MF_Unarmed_Walk_Bwd_Left.uasset" 996
"C:/Users/symbi/Documents/School Stuff/ANGM/Scripting2/Ghoulish_V01/Content/Characters/Mannequins/Anims/Unarmed/Walk/MF_Unarmed_Walk_Bwd_Left.uexp" 997
"C:/Users/symbi/Documents/School Stuff/ANGM/Scripting2/Ghoulish_V01/Content/Characters/Mannequins/Anims/Unarmed/Walk/MF_Unarmed_Walk_Bwd_Right.uasset" 998
"C:/Users/symbi/Documents/School Stuff/ANGM/Scripting2/Ghoulish_V01/Content/Characters/Mannequins/Anims/Unarmed/Walk/MF_Unarmed_Walk_Bwd_Right.uexp" 999
"C:/Users/symbi/Documents/School Stuff/ANGM/Scripting2/Ghoulish_V01/Content/Characters/Mannequins/Anims/Unarmed/Walk/MF_Unarmed_Walk_Fwd.uasset" 1000
"C:/Users/symbi/Documents/School Stuff/ANGM/Scripting2/Ghoulish_V01/Content/Characters/Mannequins/Anims/Unarmed/Walk/MF_Unarmed_Walk_Fwd.uexp" 1001
"C:/Users/symbi/Documents/School Stuff/ANGM/Scripting2/Ghoulish_V01/Content/Characters/Mannequins/Anims/Unarmed/Walk/MF_Unarmed_Walk_Fwd_Left.uasset" 1002
"C:/Users/symbi/Documents/School Stuff/ANGM/Scripting2/Ghoulish_V01/Content/Characters/Mannequins/Anims/Unarmed/Walk/MF_Unarmed_Walk_Fwd_Left.uexp" 1003
"C:/Users/symbi/Documents/School Stuff/ANGM/Scripting2/Ghoulish_V01/Content/Characters/Mannequins/Anims/Unarmed/Walk/MF_Unarmed_Walk_Fwd_Right.uasset" 1004
"C:/Users/symbi/Documents/School Stuff/ANGM/Scripting2/Ghoulish_V01/Content/Characters/Mannequins/Anims/Unarmed/Walk/MF_Unarmed_Walk_Fwd_Right.uexp" 1005
"C:/Users/symbi/Documents/School Stuff/ANGM/Scripting2/Ghoulish_V01/Content/Characters/Mannequins/Anims/Unarmed/Walk/MF_Unarmed_Walk_Left.uasset" 1006
"C:/Users/symbi/Documents/School Stuff/ANGM/Scripting2/Ghoulish_V01/Content/Characters/Mannequins/Anims/Unarmed/Walk/MF_Unarmed_Walk_Left.uexp" 1007
"C:/Users/symbi/Documents/School Stuff/ANGM/Scripting2/Ghoulish_V01/Content/Characters/Mannequins/Anims/Unarmed/Walk/MF_Unarmed_Walk_Right.uasset" 1008
"C:/Users/symbi/Documents/School Stuff/ANGM/Scripting2/Ghoulish_V01/Content/Characters/Mannequins/Anims/Unarmed/Walk/MF_Unarmed_Walk_Right.uexp" 1009
"C:/Users/symbi/Documents/School Stuff/ANGM/Scripting2/Ghoulish_V01/Content/Characters/Mannequins/Anims/Unarmed/BS_Idle_Walk_Run.uasset" 1010
"C:/Users/symbi/Documents/School Stuff/ANGM/Scripting2/Ghoulish_V01/Content/Characters/Mannequins/Anims/Unarmed/BS_Idle_Walk_Run.uexp" 1011
"C:/Users/symbi/Documents/School Stuff/ANGM/Scripting2/Ghoulish_V01/Content/Characters/Mannequins/Anims/Unarmed/Jump/MM_Fall_Loop.uasset" 1012
"C:/Users/symbi/Documents/School Stuff/ANGM/Scripting2/Ghoulish_V01/Content/Characters/Mannequins/Anims/Unarmed/Jump/MM_Fall_Loop.uexp" 1013
"C:/Users/symbi/Documents/School Stuff/ANGM/Scripting2/Ghoulish_V01/Content/Characters/Mannequins/Anims/Unarmed/Jump/MM_Jump.uasset" 1014
"C:/Users/symbi/Documents/School Stuff/ANGM/Scripting2/Ghoulish_V01/Content/Characters/Mannequins/Anims/Unarmed/Jump/MM_Jump.uexp" 1015
"C:/Users/symbi/Documents/School Stuff/ANGM/Scripting2/Ghoulish_V01/Content/Characters/Mannequins/Anims/Unarmed/Jump/MM_Land.uasset" 1016
"C:/Users/symbi/Documents/School Stuff/ANGM/Scripting2/Ghoulish_V01/Content/Characters/Mannequins/Anims/Unarmed/Jump/MM_Land.uexp" 1017
"C:/Users/symbi/Documents/School Stuff/ANGM/Scripting2/Ghoulish_V01/Content/Characters/Mannequins/Anims/Unarmed/ABP_Unarmed.uasset" 1018
"C:/Users/symbi/Documents/School Stuff/ANGM/Scripting2/Ghoulish_V01/Content/Characters/Mannequins/Anims/Unarmed/ABP_Unarmed.uexp" 1019
"../../../Engine/Plugins/Interchange/Assets/Content/gltf/MaterialInstances/MI_Default_Opaque_DS.uasset" 1020
"../../../Engine/Plugins/Interchange/Assets/Content/gltf/MaterialInstances/MI_Default_Opaque_DS.uexp" 1021
"C:/Users/symbi/Documents/School Stuff/ANGM/Scripting2/Ghoulish_V01/Content/Fab/Revolver_with_Bullet/revolver/Textures/revolver_DefaultMaterial_BaseColor.ubulk" 1022
"C:/Users/symbi/Documents/School Stuff/ANGM/Scripting2/Ghoulish_V01/Content/Fab/Revolver_with_Bullet/revolver/Textures/revolver_DefaultMaterial_BaseColor.uasset" 1023
"C:/Users/symbi/Documents/School Stuff/ANGM/Scripting2/Ghoulish_V01/Content/Fab/Revolver_with_Bullet/revolver/Textures/revolver_DefaultMaterial_BaseColor.uexp" 1024
"C:/Users/symbi/Documents/School Stuff/ANGM/Scripting2/Ghoulish_V01/Content/Fab/Revolver_with_Bullet/revolver/Textures/revolver_DefaultMaterial_Metallic-revolver_DefaultMaterial_Roughness.ubulk" 1025
"C:/Users/symbi/Documents/School Stuff/ANGM/Scripting2/Ghoulish_V01/Content/Fab/Revolver_with_Bullet/revolver/Textures/revolver_DefaultMaterial_Metallic-revolver_DefaultMaterial_Roughness.uasset" 1026
"C:/Users/symbi/Documents/School Stuff/ANGM/Scripting2/Ghoulish_V01/Content/Fab/Revolver_with_Bullet/revolver/Textures/revolver_DefaultMaterial_Metallic-revolver_DefaultMaterial_Roughness.uexp" 1027
"C:/Users/symbi/Documents/School Stuff/ANGM/Scripting2/Ghoulish_V01/Content/Fab/Revolver_with_Bullet/revolver/Textures/revolver_DefaultMaterial_Normal.ubulk" 1028
"C:/Users/symbi/Documents/School Stuff/ANGM/Scripting2/Ghoulish_V01/Content/Fab/Revolver_with_Bullet/revolver/Textures/revolver_DefaultMaterial_Normal.uasset" 1029
"C:/Users/symbi/Documents/School Stuff/ANGM/Scripting2/Ghoulish_V01/Content/Fab/Revolver_with_Bullet/revolver/Textures/revolver_DefaultMaterial_Normal.uexp" 1030
"C:/Users/symbi/Documents/School Stuff/ANGM/Scripting2/Ghoulish_V01/Content/Fab/Revolver_with_Bullet/revolver/Materials/Material.uasset" 1031
"C:/Users/symbi/Documents/School Stuff/ANGM/Scripting2/Ghoulish_V01/Content/Fab/Revolver_with_Bullet/revolver/Materials/Material.uexp" 1032
"C:/Users/symbi/Documents/School Stuff/ANGM/Scripting2/Ghoulish_V01/Content/Fab/Revolver_with_Bullet/revolver/Textures/revolver_revolver_BaseColor_png.ubulk" 1033
"C:/Users/symbi/Documents/School Stuff/ANGM/Scripting2/Ghoulish_V01/Content/Fab/Revolver_with_Bullet/revolver/Textures/revolver_revolver_BaseColor_png.uasset" 1034
"C:/Users/symbi/Documents/School Stuff/ANGM/Scripting2/Ghoulish_V01/Content/Fab/Revolver_with_Bullet/revolver/Textures/revolver_revolver_BaseColor_png.uexp" 1035
"C:/Users/symbi/Documents/School Stuff/ANGM/Scripting2/Ghoulish_V01/Content/Fab/Revolver_with_Bullet/revolver/Textures/revolver_revolver_Metallic_png.ubulk" 1036
"C:/Users/symbi/Documents/School Stuff/ANGM/Scripting2/Ghoulish_V01/Content/Fab/Revolver_with_Bullet/revolver/Textures/revolver_revolver_Metallic_png.uasset" 1037
"C:/Users/symbi/Documents/School Stuff/ANGM/Scripting2/Ghoulish_V01/Content/Fab/Revolver_with_Bullet/revolver/Textures/revolver_revolver_Metallic_png.uexp" 1038
"C:/Users/symbi/Documents/School Stuff/ANGM/Scripting2/Ghoulish_V01/Content/Fab/Revolver_with_Bullet/revolver/Textures/revolver_revolver_Normal_png.ubulk" 1039
"C:/Users/symbi/Documents/School Stuff/ANGM/Scripting2/Ghoulish_V01/Content/Fab/Revolver_with_Bullet/revolver/Textures/revolver_revolver_Normal_png.uasset" 1040
"C:/Users/symbi/Documents/School Stuff/ANGM/Scripting2/Ghoulish_V01/Content/Fab/Revolver_with_Bullet/revolver/Textures/revolver_revolver_Normal_png.uexp" 1041
"C:/Users/symbi/Documents/School Stuff/ANGM/Scripting2/Ghoulish_V01/Content/Fab/Revolver_with_Bullet/revolver/Materials/Material_002.uasset" 1042
"C:/Users/symbi/Documents/School Stuff/ANGM/Scripting2/Ghoulish_V01/Content/Fab/Revolver_with_Bullet/revolver/Materials/Material_002.uexp" 1043
"C:/Users/symbi/Documents/School Stuff/ANGM/Scripting2/Ghoulish_V01/Content/Fab/Revolver_with_Bullet/revolver/StaticMeshes/revolver.ubulk" 1044
"C:/Users/symbi/Documents/School Stuff/ANGM/Scripting2/Ghoulish_V01/Content/Fab/Revolver_with_Bullet/revolver/StaticMeshes/revolver.uasset" 1045
"C:/Users/symbi/Documents/School Stuff/ANGM/Scripting2/Ghoulish_V01/Content/Fab/Revolver_with_Bullet/revolver/StaticMeshes/revolver.uexp" 1046
"C:/Users/symbi/Documents/School Stuff/ANGM/Scripting2/Ghoulish_V01/Content/_Game/Assets/Audio/Shoot.ubulk" 1047
"C:/Users/symbi/Documents/School Stuff/ANGM/Scripting2/Ghoulish_V01/Content/_Game/Assets/Audio/Shoot.uasset" 1048
"C:/Users/symbi/Documents/School Stuff/ANGM/Scripting2/Ghoulish_V01/Content/_Game/Assets/Audio/Shoot.uexp" 1049
"C:/Users/symbi/Documents/School Stuff/ANGM/Scripting2/Ghoulish_V01/Content/_Game/Blueprints/BPI_Interactable.uasset" 1050
"C:/Users/symbi/Documents/School Stuff/ANGM/Scripting2/Ghoulish_V01/Content/_Game/Blueprints/BPI_Interactable.uexp" 1051
"C:/Users/symbi/Documents/School Stuff/ANGM/Scripting2/Ghoulish_V01/Content/_Game/Assets/Audio/kauasilbershlachparodes-chutter-click-494024.ubulk" 1052
"C:/Users/symbi/Documents/School Stuff/ANGM/Scripting2/Ghoulish_V01/Content/_Game/Assets/Audio/kauasilbershlachparodes-chutter-click-494024.uasset" 1053
"C:/Users/symbi/Documents/School Stuff/ANGM/Scripting2/Ghoulish_V01/Content/_Game/Assets/Audio/kauasilbershlachparodes-chutter-click-494024.uexp" 1054
"C:/Users/symbi/Documents/School Stuff/ANGM/Scripting2/Ghoulish_V01/Content/_Game/Assets/Audio/u_8g40a9z0la-click-234708.ubulk" 1055
"C:/Users/symbi/Documents/School Stuff/ANGM/Scripting2/Ghoulish_V01/Content/_Game/Assets/Audio/u_8g40a9z0la-click-234708.uasset" 1056
"C:/Users/symbi/Documents/School Stuff/ANGM/Scripting2/Ghoulish_V01/Content/_Game/Assets/Audio/u_8g40a9z0la-click-234708.uexp" 1057
"C:/Users/symbi/Documents/School Stuff/ANGM/Scripting2/Ghoulish_V01/Content/_Game/Blueprints/Widgets/WBP_Death.uasset" 1058
"C:/Users/symbi/Documents/School Stuff/ANGM/Scripting2/Ghoulish_V01/Content/_Game/Blueprints/Widgets/WBP_Death.uexp" 1059
"C:/Users/symbi/Documents/School Stuff/ANGM/Scripting2/Ghoulish_V01/Content/_Game/Blueprints/Widgets/WBP_Victory.uasset" 1060
"C:/Users/symbi/Documents/School Stuff/ANGM/Scripting2/Ghoulish_V01/Content/_Game/Blueprints/Widgets/WBP_Victory.uexp" 1061
"C:/Users/symbi/Documents/School Stuff/ANGM/Scripting2/Ghoulish_V01/Content/_Game/Blueprints/BP_PlayerState.uasset" 1062
"C:/Users/symbi/Documents/School Stuff/ANGM/Scripting2/Ghoulish_V01/Content/_Game/Blueprints/BP_PlayerState.uexp" 1063
"C:/Users/symbi/Documents/School Stuff/ANGM/Scripting2/Ghoulish_V01/Content/_Game/Blueprints/BPI_Shootable.uasset" 1064
"C:/Users/symbi/Documents/School Stuff/ANGM/Scripting2/Ghoulish_V01/Content/_Game/Blueprints/BPI_Shootable.uexp" 1065
"C:/Users/symbi/Documents/School Stuff/ANGM/Scripting2/Ghoulish_V01/Content/_Game/Blueprints/Widgets/WBP_PauseMenu.uasset" 1066
"C:/Users/symbi/Documents/School Stuff/ANGM/Scripting2/Ghoulish_V01/Content/_Game/Blueprints/Widgets/WBP_PauseMenu.uexp" 1067
"../../../Engine/Plugins/FX/Niagara/Content/DefaultAssets/DefaultSpriteMaterial.uasset" 1068
"../../../Engine/Plugins/FX/Niagara/Content/DefaultAssets/DefaultSpriteMaterial.uexp" 1069
"C:/Users/symbi/Documents/School Stuff/ANGM/Scripting2/Ghoulish_V01/Content/_Game/Assets/ParticleSystems/PB_Shoot.uasset" 1070
"C:/Users/symbi/Documents/School Stuff/ANGM/Scripting2/Ghoulish_V01/Content/_Game/Assets/ParticleSystems/PB_Shoot.uexp" 1071
"C:/Users/symbi/Documents/School Stuff/ANGM/Scripting2/Ghoulish_V01/Content/_Game/Assets/ParticleSystems/PB_Shot.uasset" 1072
"C:/Users/symbi/Documents/School Stuff/ANGM/Scripting2/Ghoulish_V01/Content/_Game/Assets/ParticleSystems/PB_Shot.uexp" 1073
"C:/Users/symbi/Documents/School Stuff/ANGM/Scripting2/Ghoulish_V01/Content/_Game/Assets/Audio/freesound_community-gruntmp3-14723.ubulk" 1074
"C:/Users/symbi/Documents/School Stuff/ANGM/Scripting2/Ghoulish_V01/Content/_Game/Assets/Audio/freesound_community-gruntmp3-14723.uasset" 1075
"C:/Users/symbi/Documents/School Stuff/ANGM/Scripting2/Ghoulish_V01/Content/_Game/Assets/Audio/freesound_community-gruntmp3-14723.uexp" 1076
"C:/Users/symbi/Documents/School Stuff/ANGM/Scripting2/Ghoulish_V01/Content/_Game/Assets/Audio/Grunt.uasset" 1077
"C:/Users/symbi/Documents/School Stuff/ANGM/Scripting2/Ghoulish_V01/Content/_Game/Assets/Audio/Grunt.uexp" 1078
"C:/Users/symbi/Documents/School Stuff/ANGM/Scripting2/Ghoulish_V01/Content/_Game/Assets/Audio/Grunt2.uasset" 1079
"C:/Users/symbi/Documents/School Stuff/ANGM/Scripting2/Ghoulish_V01/Content/_Game/Assets/Audio/Grunt2.uexp" 1080
"C:/Users/symbi/Documents/School Stuff/ANGM/Scripting2/Ghoulish_V01/Content/_Game/Assets/Audio/Grunt3.uasset" 1081
"C:/Users/symbi/Documents/School Stuff/ANGM/Scripting2/Ghoulish_V01/Content/_Game/Assets/Audio/Grunt3.uexp" 1082
"C:/Users/symbi/Documents/School Stuff/ANGM/Scripting2/Ghoulish_V01/Content/_Game/Assets/Audio/universfield-gunshot-352466.ubulk" 1083
"C:/Users/symbi/Documents/School Stuff/ANGM/Scripting2/Ghoulish_V01/Content/_Game/Assets/Audio/universfield-gunshot-352466.uasset" 1084
"C:/Users/symbi/Documents/School Stuff/ANGM/Scripting2/Ghoulish_V01/Content/_Game/Assets/Audio/universfield-gunshot-352466.uexp" 1085
"C:/Users/symbi/Documents/School Stuff/ANGM/Scripting2/Ghoulish_V01/Content/_Game/Assets/Audio/Gunshot.uasset" 1086
"C:/Users/symbi/Documents/School Stuff/ANGM/Scripting2/Ghoulish_V01/Content/_Game/Assets/Audio/Gunshot.uexp" 1087
"C:/Users/symbi/Documents/School Stuff/ANGM/Scripting2/Ghoulish_V01/Content/_Game/Assets/Audio/universfield-gun-reload-123781.ubulk" 1088
"C:/Users/symbi/Documents/School Stuff/ANGM/Scripting2/Ghoulish_V01/Content/_Game/Assets/Audio/universfield-gun-reload-123781.uasset" 1089
"C:/Users/symbi/Documents/School Stuff/ANGM/Scripting2/Ghoulish_V01/Content/_Game/Assets/Audio/universfield-gun-reload-123781.uexp" 1090
"C:/Users/symbi/Documents/School Stuff/ANGM/Scripting2/Ghoulish_V01/Content/_Game/Assets/Audio/Reload.uasset" 1091
"C:/Users/symbi/Documents/School Stuff/ANGM/Scripting2/Ghoulish_V01/Content/_Game/Assets/Audio/Reload.uexp" 1092
"C:/Users/symbi/Documents/School Stuff/ANGM/Scripting2/Ghoulish_V01/Content/_Game/Assets/Audio/universfield-wet-squelch-impact-352302.ubulk" 1093
"C:/Users/symbi/Documents/School Stuff/ANGM/Scripting2/Ghoulish_V01/Content/_Game/Assets/Audio/universfield-wet-squelch-impact-352302.uasset" 1094
"C:/Users/symbi/Documents/School Stuff/ANGM/Scripting2/Ghoulish_V01/Content/_Game/Assets/Audio/universfield-wet-squelch-impact-352302.uexp" 1095
"C:/Users/symbi/Documents/School Stuff/ANGM/Scripting2/Ghoulish_V01/Content/FirstPerson/Blueprints/BP_FirstPersonCharacter.uasset" 1096
"C:/Users/symbi/Documents/School Stuff/ANGM/Scripting2/Ghoulish_V01/Content/FirstPerson/Blueprints/BP_FirstPersonCharacter.uexp" 1097
"C:/Users/symbi/Documents/School Stuff/ANGM/Scripting2/Ghoulish_V01/Content/LevelPrototyping/Textures/T_GridChecker_A.ubulk" 1098
"C:/Users/symbi/Documents/School Stuff/ANGM/Scripting2/Ghoulish_V01/Content/LevelPrototyping/Textures/T_GridChecker_A.uasset" 1099
"C:/Users/symbi/Documents/School Stuff/ANGM/Scripting2/Ghoulish_V01/Content/LevelPrototyping/Textures/T_GridChecker_A.uexp" 1100
"../../../Engine/Content/Functions/Engine_MaterialFunctions01/Gradient/LinearGradient.uasset" 1101
"../../../Engine/Content/Functions/Engine_MaterialFunctions01/Gradient/LinearGradient.uexp" 1102
"../../../Engine/Content/Functions/Engine_MaterialFunctions01/ImageAdjustment/CheapContrast.uasset" 1103
"../../../Engine/Content/Functions/Engine_MaterialFunctions01/ImageAdjustment/CheapContrast.uexp" 1104
"C:/Users/symbi/Documents/School Stuff/ANGM/Scripting2/Ghoulish_V01/Content/LevelPrototyping/Materials/MF_ProcGrid.uasset" 1105
"C:/Users/symbi/Documents/School Stuff/ANGM/Scripting2/Ghoulish_V01/Content/LevelPrototyping/Materials/MF_ProcGrid.uexp" 1106
"C:/Users/symbi/Documents/School Stuff/ANGM/Scripting2/Ghoulish_V01/Content/LevelPrototyping/Materials/M_PrototypeGrid.uasset" 1107
"C:/Users/symbi/Documents/School Stuff/ANGM/Scripting2/Ghoulish_V01/Content/LevelPrototyping/Materials/M_PrototypeGrid.uexp" 1108
"C:/Users/symbi/Documents/School Stuff/ANGM/Scripting2/Ghoulish_V01/Content/LevelPrototyping/Materials/MI_PrototypeGrid_red.uasset" 1109
"C:/Users/symbi/Documents/School Stuff/ANGM/Scripting2/Ghoulish_V01/Content/LevelPrototyping/Materials/MI_PrototypeGrid_red.uexp" 1110
"C:/Users/symbi/Documents/School Stuff/ANGM/Scripting2/Ghoulish_V01/Content/Characters/Mannequins/Textures/Quinn/T_Quinn_01_D.ubulk" 1111
"C:/Users/symbi/Documents/School Stuff/ANGM/Scripting2/Ghoulish_V01/Content/Characters/Mannequins/Textures/Quinn/T_Quinn_01_D.uasset" 1112
"C:/Users/symbi/Documents/School Stuff/ANGM/Scripting2/Ghoulish_V01/Content/Characters/Mannequins/Textures/Quinn/T_Quinn_01_D.uexp" 1113
"C:/Users/symbi/Documents/School Stuff/ANGM/Scripting2/Ghoulish_V01/Content/Characters/Mannequins/Textures/Quinn/T_Quinn_01_MRA.ubulk" 1114
"C:/Users/symbi/Documents/School Stuff/ANGM/Scripting2/Ghoulish_V01/Content/Characters/Mannequins/Textures/Quinn/T_Quinn_01_MRA.uasset" 1115
"C:/Users/symbi/Documents/School Stuff/ANGM/Scripting2/Ghoulish_V01/Content/Characters/Mannequins/Textures/Quinn/T_Quinn_01_MRA.uexp" 1116
"C:/Users/symbi/Documents/School Stuff/ANGM/Scripting2/Ghoulish_V01/Content/Characters/Mannequins/Textures/Quinn/T_Quinn_01_N.ubulk" 1117
"C:/Users/symbi/Documents/School Stuff/ANGM/Scripting2/Ghoulish_V01/Content/Characters/Mannequins/Textures/Quinn/T_Quinn_01_N.uasset" 1118
"C:/Users/symbi/Documents/School Stuff/ANGM/Scripting2/Ghoulish_V01/Content/Characters/Mannequins/Textures/Quinn/T_Quinn_01_N.uexp" 1119
"C:/Users/symbi/Documents/School Stuff/ANGM/Scripting2/Ghoulish_V01/Content/Characters/Mannequins/Materials/Quinn/MI_Quinn_01.uasset" 1120
"C:/Users/symbi/Documents/School Stuff/ANGM/Scripting2/Ghoulish_V01/Content/Characters/Mannequins/Materials/Quinn/MI_Quinn_01.uexp" 1121
"C:/Users/symbi/Documents/School Stuff/ANGM/Scripting2/Ghoulish_V01/Content/_Game/Maps/_GENERATED/symbi/Spikes.ubulk" 1122
"C:/Users/symbi/Documents/School Stuff/ANGM/Scripting2/Ghoulish_V01/Content/_Game/Maps/_GENERATED/symbi/Spikes.uasset" 1123
"C:/Users/symbi/Documents/School Stuff/ANGM/Scripting2/Ghoulish_V01/Content/_Game/Maps/_GENERATED/symbi/Spikes.uexp" 1124
"C:/Users/symbi/Documents/School Stuff/ANGM/Scripting2/Ghoulish_V01/Content/_Game/Blueprints/Traps/BP_AllInOne.uasset" 1125
"C:/Users/symbi/Documents/School Stuff/ANGM/Scripting2/Ghoulish_V01/Content/_Game/Blueprints/Traps/BP_AllInOne.uexp" 1126
"../../../Engine/Plugins/2D/Paper2D/Content/DefaultSpriteMaterial.uasset" 1127
"../../../Engine/Plugins/2D/Paper2D/Content/DefaultSpriteMaterial.uexp" 1128
"../../../Engine/Plugins/2D/Paper2D/Content/MaskedUnlitSpriteMaterial.uasset" 1129
"../../../Engine/Plugins/2D/Paper2D/Content/MaskedUnlitSpriteMaterial.uexp" 1130
"../../../Engine/Plugins/2D/Paper2D/Content/OpaqueUnlitSpriteMaterial.uasset" 1131
"../../../Engine/Plugins/2D/Paper2D/Content/OpaqueUnlitSpriteMaterial.uexp" 1132
"../../../Engine/Plugins/Animation/ControlRig/Content/M_Manip.uasset" 1133
"../../../Engine/Plugins/Animation/ControlRig/Content/M_Manip.uexp" 1134
"../../../Engine/Plugins/Media/MediaPlate/Content/SM_MediaPlateScreen.ubulk" 1135
"../../../Engine/Plugins/Media/MediaPlate/Content/SM_MediaPlateScreen.uasset" 1136
"../../../Engine/Plugins/Media/MediaPlate/Content/SM_MediaPlateScreen.uexp" 1137
"../../../Engine/Plugins/NNE/NNEDenoiser/Content/NNEDIM_ColorAlbedoNormal_Alpha.uasset" 1138
"../../../Engine/Plugins/NNE/NNEDenoiser/Content/NNEDIM_ColorAlbedoNormal_Alpha.uexp" 1139
"../../../Engine/Plugins/NNE/NNEDenoiser/Content/NNEDIM_ColorAlbedoNormal_Default.uasset" 1140
"../../../Engine/Plugins/NNE/NNEDenoiser/Content/NNEDIM_ColorAlbedoNormal_Default.uexp" 1141
"../../../Engine/Plugins/NNE/NNEDenoiser/Content/NNEDIM_HighQuality_Alpha.uasset" 1142
"../../../Engine/Plugins/NNE/NNEDenoiser/Content/NNEDIM_HighQuality_Alpha.uexp" 1143
"../../../Engine/Plugins/NNE/NNEDenoiser/Content/NNEDIM_HighQuality_Default.uasset" 1144
"../../../Engine/Plugins/NNE/NNEDenoiser/Content/NNEDIM_HighQuality_Default.uexp" 1145
"../../../Engine/Plugins/NNE/NNEDenoiser/Content/NNEDOM_Output_Alpha.uasset" 1146
"../../../Engine/Plugins/NNE/NNEDenoiser/Content/NNEDOM_Output_Alpha.uexp" 1147
"../../../Engine/Plugins/NNE/NNEDenoiser/Content/NNEDOM_Output_Default.uasset" 1148
"../../../Engine/Plugins/NNE/NNEDenoiser/Content/NNEDOM_Output_Default.uexp" 1149
"../../../Engine/Plugins/NNE/NNEDenoiser/Content/NNEDTIM_ColorAlbedoNormal_Alpha.uasset" 1150
"../../../Engine/Plugins/NNE/NNEDenoiser/Content/NNEDTIM_ColorAlbedoNormal_Alpha.uexp" 1151
"../../../Engine/Plugins/NNE/NNEDenoiser/Content/NNEDTIM_ColorAlbedoNormal_Default.uasset" 1152
"../../../Engine/Plugins/NNE/NNEDenoiser/Content/NNEDTIM_ColorAlbedoNormal_Default.uexp" 1153
"../../../Engine/Plugins/NNE/NNEDenoiser/Content/NNEDTOM_Output_Alpha.uasset" 1154
"../../../Engine/Plugins/NNE/NNEDenoiser/Content/NNEDTOM_Output_Alpha.uexp" 1155
"../../../Engine/Plugins/NNE/NNEDenoiser/Content/NNEDTOM_Output_Default.uasset" 1156
"../../../Engine/Plugins/NNE/NNEDenoiser/Content/NNEDTOM_Output_Default.uexp" 1157
"../../../Engine/Plugins/NNE/NNEDenoiser/Content/NNEDT_Oidn2-3_Balanced.uasset" 1158
"../../../Engine/Plugins/NNE/NNEDenoiser/Content/NNEDT_Oidn2-3_Balanced.uexp" 1159
"../../../Engine/Plugins/NNE/NNEDenoiser/Content/NNEDT_Oidn2-3_Balanced_Alpha.uasset" 1160
"../../../Engine/Plugins/NNE/NNEDenoiser/Content/NNEDT_Oidn2-3_Balanced_Alpha.uexp" 1161
"../../../Engine/Plugins/NNE/NNEDenoiser/Content/NNED_Oidn2-3_Balanced.uasset" 1162
"../../../Engine/Plugins/NNE/NNEDenoiser/Content/NNED_Oidn2-3_Balanced.uexp" 1163
"../../../Engine/Plugins/NNE/NNEDenoiser/Content/NNED_Oidn2-3_Balanced_Alpha.uasset" 1164
"../../../Engine/Plugins/NNE/NNEDenoiser/Content/NNED_Oidn2-3_Balanced_Alpha.uexp" 1165
"../../../Engine/Plugins/NNE/NNEDenoiser/Content/NNED_Oidn2-3_Fast.uasset" 1166
"../../../Engine/Plugins/NNE/NNEDenoiser/Content/NNED_Oidn2-3_Fast.uexp" 1167
"../../../Engine/Plugins/NNE/NNEDenoiser/Content/NNED_Oidn2-3_Fast_Alpha.uasset" 1168
"../../../Engine/Plugins/NNE/NNEDenoiser/Content/NNED_Oidn2-3_Fast_Alpha.uexp" 1169
"../../../Engine/Plugins/NNE/NNEDenoiser/Content/NNED_Oidn2-3_HighQuality.uasset" 1170
"../../../Engine/Plugins/NNE/NNEDenoiser/Content/NNED_Oidn2-3_HighQuality.uexp" 1171
"C:/Users/symbi/Documents/School Stuff/ANGM/Scripting2/Ghoulish_V01/Content/Input/IMC_Default.uasset" 1172
"C:/Users/symbi/Documents/School Stuff/ANGM/Scripting2/Ghoulish_V01/Content/Input/IMC_Default.uexp" 1173
"C:/Users/symbi/Documents/School Stuff/ANGM/Scripting2/Ghoulish_V01/Content/Input/IMC_MouseLook.uasset" 1174
"C:/Users/symbi/Documents/School Stuff/ANGM/Scripting2/Ghoulish_V01/Content/Input/IMC_MouseLook.uexp" 1175
"C:/Users/symbi/Documents/School Stuff/ANGM/Scripting2/Ghoulish_V01/Content/FirstPerson/Blueprints/BP_FirstPersonCameraManager.uasset" 1176
"C:/Users/symbi/Documents/School Stuff/ANGM/Scripting2/Ghoulish_V01/Content/FirstPerson/Blueprints/BP_FirstPersonCameraManager.uexp" 1177
"C:/Users/symbi/Documents/School Stuff/ANGM/Scripting2/Ghoulish_V01/Content/FirstPerson/Blueprints/BP_FirstPersonPlayerController.uasset" 1178
"C:/Users/symbi/Documents/School Stuff/ANGM/Scripting2/Ghoulish_V01/Content/FirstPerson/Blueprints/BP_FirstPersonPlayerController.uexp" 1179
"C:/Users/symbi/Documents/School Stuff/ANGM/Scripting2/Ghoulish_V01/Content/_Game/Blueprints/GM_MenuMain.uasset" 1180
"C:/Users/symbi/Documents/School Stuff/ANGM/Scripting2/Ghoulish_V01/Content/_Game/Blueprints/GM_MenuMain.uexp" 1181
"C:/Users/symbi/Documents/School Stuff/ANGM/Scripting2/Ghoulish_V01/Content/_Game/Blueprints/Widgets/WBP_MainMenu.uasset" 1182
"C:/Users/symbi/Documents/School Stuff/ANGM/Scripting2/Ghoulish_V01/Content/_Game/Blueprints/Widgets/WBP_MainMenu.uexp" 1183
"C:/Users/symbi/Documents/School Stuff/ANGM/Scripting2/Ghoulish_V01/Content/_Game/Assets/Audio/delosound-horror-background-music-302076.ubulk" 1184
"C:/Users/symbi/Documents/School Stuff/ANGM/Scripting2/Ghoulish_V01/Content/_Game/Assets/Audio/delosound-horror-background-music-302076.uasset" 1185
"C:/Users/symbi/Documents/School Stuff/ANGM/Scripting2/Ghoulish_V01/Content/_Game/Assets/Audio/delosound-horror-background-music-302076.uexp" 1186
"C:/Users/symbi/Documents/School Stuff/ANGM/Scripting2/Ghoulish_V01/Content/_Game/Maps/MainMenu.uexp" 1187
"C:/Users/symbi/Documents/School Stuff/ANGM/Scripting2/Ghoulish_V01/Content/_Game/Maps/MainMenu.umap" 1188
"C:/Users/symbi/Documents/School Stuff/ANGM/Scripting2/Ghoulish_V01/Content/FirstPerson/Blueprints/BP_FirstPersonGameMode.uasset" 1189
"C:/Users/symbi/Documents/School Stuff/ANGM/Scripting2/Ghoulish_V01/Content/FirstPerson/Blueprints/BP_FirstPersonGameMode.uexp" 1190
"../../../Engine/Content/EngineSky/T_Sky_Blue.ubulk" 1191
"../../../Engine/Content/EngineSky/T_Sky_Blue.uasset" 1192
"../../../Engine/Content/EngineSky/T_Sky_Blue.uexp" 1193
"../../../Engine/Content/EngineSky/T_Sky_Clouds_M.ubulk" 1194
"../../../Engine/Content/EngineSky/T_Sky_Clouds_M.uasset" 1195
"../../../Engine/Content/EngineSky/T_Sky_Clouds_M.uexp" 1196
"../../../Engine/Content/EngineSky/T_Sky_Stars.ubulk" 1197
"../../../Engine/Content/EngineSky/T_Sky_Stars.uasset" 1198
"../../../Engine/Content/EngineSky/T_Sky_Stars.uexp" 1199
"../../../Engine/Content/EngineSky/M_Sky_Panning_Clouds2.uasset" 1200
"../../../Engine/Content/EngineSky/M_Sky_Panning_Clouds2.uexp" 1201
"../../../Engine/Content/EngineSky/SM_SkySphere.ubulk" 1202
"../../../Engine/Content/EngineSky/SM_SkySphere.uasset" 1203
"../../../Engine/Content/EngineSky/SM_SkySphere.uexp" 1204
"../../../Engine/Content/EngineSky/M_SimpleSkyDome.uasset" 1205
"../../../Engine/Content/EngineSky/M_SimpleSkyDome.uexp" 1206
"../../../Engine/Content/MapTemplates/SM_Template_Map_Floor.ubulk" 1207
"../../../Engine/Content/MapTemplates/SM_Template_Map_Floor.uasset" 1208
"../../../Engine/Content/MapTemplates/SM_Template_Map_Floor.uexp" 1209
"C:/Users/symbi/Documents/School Stuff/ANGM/Scripting2/Ghoulish_V01/Content/LevelPrototyping/Materials/MI_PrototypeGrid_green.uasset" 1210
"C:/Users/symbi/Documents/School Stuff/ANGM/Scripting2/Ghoulish_V01/Content/LevelPrototyping/Materials/MI_PrototypeGrid_green.uexp" 1211
"C:/Users/symbi/Documents/School Stuff/ANGM/Scripting2/Ghoulish_V01/Content/LevelPrototyping/Materials/MI_PrototypeGrid_yellow.uasset" 1212
"C:/Users/symbi/Documents/School Stuff/ANGM/Scripting2/Ghoulish_V01/Content/LevelPrototyping/Materials/MI_PrototypeGrid_yellow.uexp" 1213
"../../../Engine/Content/BasicShapes/Cylinder.ubulk" 1214
"../../../Engine/Content/BasicShapes/Cylinder.uasset" 1215
"../../../Engine/Content/BasicShapes/Cylinder.uexp" 1216
"../../../Engine/Content/BasicShapes/Cube.ubulk" 1217
"../../../Engine/Content/BasicShapes/Cube.uasset" 1218
"../../../Engine/Content/BasicShapes/Cube.uexp" 1219
"C:/Users/symbi/Documents/School Stuff/ANGM/Scripting2/Ghoulish_V01/Content/_Game/Blueprints/BP_MovingPlatform_Base.uasset" 1220
"C:/Users/symbi/Documents/School Stuff/ANGM/Scripting2/Ghoulish_V01/Content/_Game/Blueprints/BP_MovingPlatform_Base.uexp" 1221
"C:/Users/symbi/Documents/School Stuff/ANGM/Scripting2/Ghoulish_V01/Content/_Game/Blueprints/BP_Breakable_Base.uasset" 1222
"C:/Users/symbi/Documents/School Stuff/ANGM/Scripting2/Ghoulish_V01/Content/_Game/Blueprints/BP_Breakable_Base.uexp" 1223
"C:/Users/symbi/Documents/School Stuff/ANGM/Scripting2/Ghoulish_V01/Content/_Game/Blueprints/Widgets/WBP_EtoUse.uasset" 1224
"C:/Users/symbi/Documents/School Stuff/ANGM/Scripting2/Ghoulish_V01/Content/_Game/Blueprints/Widgets/WBP_EtoUse.uexp" 1225
"C:/Users/symbi/Documents/School Stuff/ANGM/Scripting2/Ghoulish_V01/Content/_Game/Assets/Audio/universfield-slime-impact-352473.ubulk" 1226
"C:/Users/symbi/Documents/School Stuff/ANGM/Scripting2/Ghoulish_V01/Content/_Game/Assets/Audio/universfield-slime-impact-352473.uasset" 1227
"C:/Users/symbi/Documents/School Stuff/ANGM/Scripting2/Ghoulish_V01/Content/_Game/Assets/Audio/universfield-slime-impact-352473.uexp" 1228
"C:/Users/symbi/Documents/School Stuff/ANGM/Scripting2/Ghoulish_V01/Content/_Game/Assets/Audio/Blood01.uasset" 1229
"C:/Users/symbi/Documents/School Stuff/ANGM/Scripting2/Ghoulish_V01/Content/_Game/Assets/Audio/Blood01.uexp" 1230
"C:/Users/symbi/Documents/School Stuff/ANGM/Scripting2/Ghoulish_V01/Content/_Game/Assets/Materials/M_Mannequin.uasset" 1231
"C:/Users/symbi/Documents/School Stuff/ANGM/Scripting2/Ghoulish_V01/Content/_Game/Assets/Materials/M_Mannequin.uexp" 1232
"C:/Users/symbi/Documents/School Stuff/ANGM/Scripting2/Ghoulish_V01/Content/_Game/Assets/Materials/MI_EYE_Proxy.uasset" 1233
"C:/Users/symbi/Documents/School Stuff/ANGM/Scripting2/Ghoulish_V01/Content/_Game/Assets/Materials/MI_EYE_Proxy.uexp" 1234
"C:/Users/symbi/Documents/School Stuff/ANGM/Scripting2/Ghoulish_V01/Content/_Game/Assets/ParticleSystems/PB_PickUp.uasset" 1235
"C:/Users/symbi/Documents/School Stuff/ANGM/Scripting2/Ghoulish_V01/Content/_Game/Assets/ParticleSystems/PB_PickUp.uexp" 1236
"C:/Users/symbi/Documents/School Stuff/ANGM/Scripting2/Ghoulish_V01/Content/_Game/Blueprints/Shopkeep/BP_Collectable_Base.uasset" 1237
"C:/Users/symbi/Documents/School Stuff/ANGM/Scripting2/Ghoulish_V01/Content/_Game/Blueprints/Shopkeep/BP_Collectable_Base.uexp" 1238
"C:/Users/symbi/Documents/School Stuff/ANGM/Scripting2/Ghoulish_V01/Content/_Game/Blueprints/BP_Interactable_Base.uasset" 1239
"C:/Users/symbi/Documents/School Stuff/ANGM/Scripting2/Ghoulish_V01/Content/_Game/Blueprints/BP_Interactable_Base.uexp" 1240
"C:/Users/symbi/Documents/School Stuff/ANGM/Scripting2/Ghoulish_V01/Content/_Game/Blueprints/BP_Shootable_Base.uasset" 1241
"C:/Users/symbi/Documents/School Stuff/ANGM/Scripting2/Ghoulish_V01/Content/_Game/Blueprints/BP_Shootable_Base.uexp" 1242
"../../../Engine/Content/BasicShapes/Cone.ubulk" 1243
"../../../Engine/Content/BasicShapes/Cone.uasset" 1244
"../../../Engine/Content/BasicShapes/Cone.uexp" 1245
"C:/Users/symbi/Documents/School Stuff/ANGM/Scripting2/Ghoulish_V01/Content/_Game/Blueprints/Traps/BP_Trap_Base.uasset" 1246
"C:/Users/symbi/Documents/School Stuff/ANGM/Scripting2/Ghoulish_V01/Content/_Game/Blueprints/Traps/BP_Trap_Base.uexp" 1247
"../../../Engine/Content/Functions/Engine_MaterialFunctions02/Utility/BreakOutFloat4Components.uasset" 1248
"../../../Engine/Content/Functions/Engine_MaterialFunctions02/Utility/BreakOutFloat4Components.uexp" 1249
"../../../Engine/Content/Functions/Engine_MaterialFunctions02/Utility/MakeFloat4.uasset" 1250
"../../../Engine/Content/Functions/Engine_MaterialFunctions02/Utility/MakeFloat4.uexp" 1251
"../../../Engine/Content/EngineResources/DefaultVolumeTexture2D.uasset" 1252
"../../../Engine/Content/EngineResources/DefaultVolumeTexture2D.uexp" 1253
"../../../Engine/Content/EngineResources/DefaultVolumeTexture.uasset" 1254
"../../../Engine/Content/EngineResources/DefaultVolumeTexture.uexp" 1255
"../../../Engine/Content/EngineSky/VolumetricClouds/VT_Lightning.uasset" 1256
"../../../Engine/Content/EngineSky/VolumetricClouds/VT_Lightning.uexp" 1257
"../../../Engine/Content/Functions/Engine_MaterialFunctions01/Units/Km-to-Cm.uasset" 1258
"../../../Engine/Content/Functions/Engine_MaterialFunctions01/Units/Km-to-Cm.uexp" 1259
"../../../Engine/Content/EngineSky/VolumetricClouds/m_SimpleVolumetricCloud.uasset" 1260
"../../../Engine/Content/EngineSky/VolumetricClouds/m_SimpleVolumetricCloud.uexp" 1261
"../../../Engine/Content/EngineSky/VolumetricClouds/T_CloudMask.ubulk" 1262
"../../../Engine/Content/EngineSky/VolumetricClouds/T_CloudMask.uasset" 1263
"../../../Engine/Content/EngineSky/VolumetricClouds/T_CloudMask.uexp" 1264
"../../../Engine/Content/EngineSky/VolumetricClouds/T_CloudPattern.ubulk" 1265
"../../../Engine/Content/EngineSky/VolumetricClouds/T_CloudPattern.uasset" 1266
"../../../Engine/Content/EngineSky/VolumetricClouds/T_CloudPattern.uexp" 1267
"../../../Engine/Content/EngineSky/VolumetricClouds/T_Profile_08.ubulk" 1268
"../../../Engine/Content/EngineSky/VolumetricClouds/T_Profile_08.uasset" 1269
"../../../Engine/Content/EngineSky/VolumetricClouds/T_Profile_08.uexp" 1270
"../../../Engine/Content/EngineSky/VolumetricClouds/VT_PerlinWorley_Balanced.uasset" 1271
"../../../Engine/Content/EngineSky/VolumetricClouds/VT_PerlinWorley_Balanced.uexp" 1272
"../../../Engine/Content/EngineSky/VolumetricClouds/m_SimpleVolumetricCloud_Inst.uasset" 1273
"../../../Engine/Content/EngineSky/VolumetricClouds/m_SimpleVolumetricCloud_Inst.uexp" 1274
"../../../Engine/Content/EngineMaterials/BlendFunc_DefBase.uasset" 1275
"../../../Engine/Content/EngineMaterials/BlendFunc_DefBase.uexp" 1276
"../../../Engine/Content/EngineMaterials/BlendFunc_DefBlend.uasset" 1277
"../../../Engine/Content/EngineMaterials/BlendFunc_DefBlend.uexp" 1278
"../../../Engine/Content/Functions/Engine_MaterialFunctions03/Blends/Blend_Overlay.uasset" 1279
"../../../Engine/Content/Functions/Engine_MaterialFunctions03/Blends/Blend_Overlay.uexp" 1280
"../../../Engine/Content/OpenWorldTemplate/LandscapeMaterial/T_GridChecker_A.ubulk" 1281
"../../../Engine/Content/OpenWorldTemplate/LandscapeMaterial/T_GridChecker_A.uasset" 1282
"../../../Engine/Content/OpenWorldTemplate/LandscapeMaterial/T_GridChecker_A.uexp" 1283
"../../../Engine/Content/OpenWorldTemplate/LandscapeMaterial/MF_ProcGrid.uasset" 1284
"../../../Engine/Content/OpenWorldTemplate/LandscapeMaterial/MF_ProcGrid.uexp" 1285
"../../../Engine/Content/OpenWorldTemplate/LandscapeMaterial/M_ProcGrid.uasset" 1286
"../../../Engine/Content/OpenWorldTemplate/LandscapeMaterial/M_ProcGrid.uexp" 1287
"../../../Engine/Content/OpenWorldTemplate/LandscapeMaterial/MI_ProcGrid.uasset" 1288
"../../../Engine/Content/OpenWorldTemplate/LandscapeMaterial/MI_ProcGrid.uexp" 1289
"C:/Users/symbi/Documents/School Stuff/ANGM/Scripting2/Ghoulish_V01/Content/_Game/Assets/Materials/MI_PrototypeGrid_darkGrey.uasset" 1290
"C:/Users/symbi/Documents/School Stuff/ANGM/Scripting2/Ghoulish_V01/Content/_Game/Assets/Materials/MI_PrototypeGrid_darkGrey.uexp" 1291
"C:/Users/symbi/Documents/School Stuff/ANGM/Scripting2/Ghoulish_V01/Content/_Game/Assets/Materials/MI_PrototypeGrid_darkRed.uasset" 1292
"C:/Users/symbi/Documents/School Stuff/ANGM/Scripting2/Ghoulish_V01/Content/_Game/Assets/Materials/MI_PrototypeGrid_darkRed.uexp" 1293
"C:/Users/symbi/Documents/School Stuff/ANGM/Scripting2/Ghoulish_V01/Content/_Game/Assets/Materials/MI_PrototypeGrid_red.uasset" 1294
"C:/Users/symbi/Documents/School Stuff/ANGM/Scripting2/Ghoulish_V01/Content/_Game/Assets/Materials/MI_PrototypeGrid_red.uexp" 1295
"C:/Users/symbi/Documents/School Stuff/ANGM/Scripting2/Ghoulish_V01/Content/_Game/Blueprints/Widgets/WBP_HUD.uasset" 1296
"C:/Users/symbi/Documents/School Stuff/ANGM/Scripting2/Ghoulish_V01/Content/_Game/Blueprints/Widgets/WBP_HUD.uexp" 1297
"C:/Users/symbi/Documents/School Stuff/ANGM/Scripting2/Ghoulish_V01/Content/Whisper/Base_Mesh/SKEL_Whisper_Skeleton.uasset" 1298
"C:/Users/symbi/Documents/School Stuff/ANGM/Scripting2/Ghoulish_V01/Content/Whisper/Base_Mesh/SKEL_Whisper_Skeleton.uexp" 1299
"C:/Users/symbi/Documents/School Stuff/ANGM/Scripting2/Ghoulish_V01/Content/Whisper/Base_Mesh/Phy_Whisper_PhysicsAsset.uasset" 1300
"C:/Users/symbi/Documents/School Stuff/ANGM/Scripting2/Ghoulish_V01/Content/Whisper/Base_Mesh/Phy_Whisper_PhysicsAsset.uexp" 1301
"C:/Users/symbi/Documents/School Stuff/ANGM/Scripting2/Ghoulish_V01/Content/Whisper/Textures/T_Whisper_Body_Albedo.ubulk" 1302
"C:/Users/symbi/Documents/School Stuff/ANGM/Scripting2/Ghoulish_V01/Content/Whisper/Textures/T_Whisper_Body_Albedo.uasset" 1303
"C:/Users/symbi/Documents/School Stuff/ANGM/Scripting2/Ghoulish_V01/Content/Whisper/Textures/T_Whisper_Body_Albedo.uexp" 1304
"C:/Users/symbi/Documents/School Stuff/ANGM/Scripting2/Ghoulish_V01/Content/Whisper/Textures/T_Whisper_Body_Metallness+rougness.ubulk" 1305
"C:/Users/symbi/Documents/School Stuff/ANGM/Scripting2/Ghoulish_V01/Content/Whisper/Textures/T_Whisper_Body_Metallness+rougness.uasset" 1306
"C:/Users/symbi/Documents/School Stuff/ANGM/Scripting2/Ghoulish_V01/Content/Whisper/Textures/T_Whisper_Body_Metallness+rougness.uexp" 1307
"C:/Users/symbi/Documents/School Stuff/ANGM/Scripting2/Ghoulish_V01/Content/Whisper/Textures/T_Whisper_Body_Normal.ubulk" 1308
"C:/Users/symbi/Documents/School Stuff/ANGM/Scripting2/Ghoulish_V01/Content/Whisper/Textures/T_Whisper_Body_Normal.uasset" 1309
"C:/Users/symbi/Documents/School Stuff/ANGM/Scripting2/Ghoulish_V01/Content/Whisper/Textures/T_Whisper_Body_Normal.uexp" 1310
"C:/Users/symbi/Documents/School Stuff/ANGM/Scripting2/Ghoulish_V01/Content/Whisper/Textures/T_Whisper_Body_Occlusion.ubulk" 1311
"C:/Users/symbi/Documents/School Stuff/ANGM/Scripting2/Ghoulish_V01/Content/Whisper/Textures/T_Whisper_Body_Occlusion.uasset" 1312
"C:/Users/symbi/Documents/School Stuff/ANGM/Scripting2/Ghoulish_V01/Content/Whisper/Textures/T_Whisper_Body_Occlusion.uexp" 1313
"C:/Users/symbi/Documents/School Stuff/ANGM/Scripting2/Ghoulish_V01/Content/Whisper/Materials/Mat_Whisper_Body.uasset" 1314
"C:/Users/symbi/Documents/School Stuff/ANGM/Scripting2/Ghoulish_V01/Content/Whisper/Materials/Mat_Whisper_Body.uexp" 1315
"C:/Users/symbi/Documents/School Stuff/ANGM/Scripting2/Ghoulish_V01/Content/Whisper/Base_Mesh/SK_Whisper.uasset" 1316
"C:/Users/symbi/Documents/School Stuff/ANGM/Scripting2/Ghoulish_V01/Content/Whisper/Base_Mesh/SK_Whisper.uexp" 1317
"C:/Users/symbi/Documents/School Stuff/ANGM/Scripting2/Ghoulish_V01/Content/_Game/Assets/Audio/Blood02.uasset" 1318
"C:/Users/symbi/Documents/School Stuff/ANGM/Scripting2/Ghoulish_V01/Content/_Game/Assets/Audio/Blood02.uexp" 1319
"C:/Users/symbi/Documents/School Stuff/ANGM/Scripting2/Ghoulish_V01/Content/_Game/Assets/ParticleSystems/PB_Death.uasset" 1320
"C:/Users/symbi/Documents/School Stuff/ANGM/Scripting2/Ghoulish_V01/Content/_Game/Assets/ParticleSystems/PB_Death.uexp" 1321
"C:/Users/symbi/Documents/School Stuff/ANGM/Scripting2/Ghoulish_V01/Content/Whisper/Animations/Anim_Whisper_Attack1.uasset" 1322
"C:/Users/symbi/Documents/School Stuff/ANGM/Scripting2/Ghoulish_V01/Content/Whisper/Animations/Anim_Whisper_Attack1.uexp" 1323
"C:/Users/symbi/Documents/School Stuff/ANGM/Scripting2/Ghoulish_V01/Content/Whisper/Animations/Anim_Whisper_Idle1.uasset" 1324
"C:/Users/symbi/Documents/School Stuff/ANGM/Scripting2/Ghoulish_V01/Content/Whisper/Animations/Anim_Whisper_Idle1.uexp" 1325
"C:/Users/symbi/Documents/School Stuff/ANGM/Scripting2/Ghoulish_V01/Content/_Game/Blueprints/Ghoul/Ghoul_Animations/AM_ghoulAttack.uasset" 1326
"C:/Users/symbi/Documents/School Stuff/ANGM/Scripting2/Ghoulish_V01/Content/_Game/Blueprints/Ghoul/Ghoul_Animations/AM_ghoulAttack.uexp" 1327
"C:/Users/symbi/Documents/School Stuff/ANGM/Scripting2/Ghoulish_V01/Content/_Game/Blueprints/Ghoul/BT_Attack.uasset" 1328
"C:/Users/symbi/Documents/School Stuff/ANGM/Scripting2/Ghoulish_V01/Content/_Game/Blueprints/Ghoul/BT_Attack.uexp" 1329
"C:/Users/symbi/Documents/School Stuff/ANGM/Scripting2/Ghoulish_V01/Content/_Game/Blueprints/Ghoul/BT_FindRandomPoint.uasset" 1330
"C:/Users/symbi/Documents/School Stuff/ANGM/Scripting2/Ghoulish_V01/Content/_Game/Blueprints/Ghoul/BT_FindRandomPoint.uexp" 1331
"C:/Users/symbi/Documents/School Stuff/ANGM/Scripting2/Ghoulish_V01/Content/_Game/Blueprints/Ghoul/B_Ghoul.uasset" 1332
"C:/Users/symbi/Documents/School Stuff/ANGM/Scripting2/Ghoulish_V01/Content/_Game/Blueprints/Ghoul/B_Ghoul.uexp" 1333
"C:/Users/symbi/Documents/School Stuff/ANGM/Scripting2/Ghoulish_V01/Content/_Game/Blueprints/Ghoul/BH_Ghoul.uasset" 1334
"C:/Users/symbi/Documents/School Stuff/ANGM/Scripting2/Ghoulish_V01/Content/_Game/Blueprints/Ghoul/BH_Ghoul.uexp" 1335
"C:/Users/symbi/Documents/School Stuff/ANGM/Scripting2/Ghoulish_V01/Content/_Game/Blueprints/Ghoul/AIC_Ghoul.uasset" 1336
"C:/Users/symbi/Documents/School Stuff/ANGM/Scripting2/Ghoulish_V01/Content/_Game/Blueprints/Ghoul/AIC_Ghoul.uexp" 1337
"C:/Users/symbi/Documents/School Stuff/ANGM/Scripting2/Ghoulish_V01/Content/_Game/Blueprints/Ghoul/BP_Ghoul.uasset" 1338
"C:/Users/symbi/Documents/School Stuff/ANGM/Scripting2/Ghoulish_V01/Content/_Game/Blueprints/Ghoul/BP_Ghoul.uexp" 1339
"C:/Users/symbi/Documents/School Stuff/ANGM/Scripting2/Ghoulish_V01/Content/_Game/Blueprints/Platforms/BP_MovingPlatform03.uasset" 1340
"C:/Users/symbi/Documents/School Stuff/ANGM/Scripting2/Ghoulish_V01/Content/_Game/Blueprints/Platforms/BP_MovingPlatform03.uexp" 1341
"C:/Users/symbi/Documents/School Stuff/ANGM/Scripting2/Ghoulish_V01/Content/_Game/Blueprints/Platforms/BP_PlatformActivatePlatform03_Shootable.uasset" 1342
"C:/Users/symbi/Documents/School Stuff/ANGM/Scripting2/Ghoulish_V01/Content/_Game/Blueprints/Platforms/BP_PlatformActivatePlatform03_Shootable.uexp" 1343
"C:/Users/symbi/Documents/School Stuff/ANGM/Scripting2/Ghoulish_V01/Content/_Game/Blueprints/Traps/BP_Spike_Trap.uasset" 1344
"C:/Users/symbi/Documents/School Stuff/ANGM/Scripting2/Ghoulish_V01/Content/_Game/Blueprints/Traps/BP_Spike_Trap.uexp" 1345
"C:/Users/symbi/Documents/School Stuff/ANGM/Scripting2/Ghoulish_V01/Content/_Game/Maps/_GENERATED/symbi/Boolean_76270C3E.ubulk" 1346
"C:/Users/symbi/Documents/School Stuff/ANGM/Scripting2/Ghoulish_V01/Content/_Game/Maps/_GENERATED/symbi/Boolean_76270C3E.uasset" 1347
"C:/Users/symbi/Documents/School Stuff/ANGM/Scripting2/Ghoulish_V01/Content/_Game/Maps/_GENERATED/symbi/Boolean_76270C3E.uexp" 1348
"C:/Users/symbi/Documents/School Stuff/ANGM/Scripting2/Ghoulish_V01/Content/_Game/Maps/_GENERATED/symbi/Box_25BF2F11.ubulk" 1349
"C:/Users/symbi/Documents/School Stuff/ANGM/Scripting2/Ghoulish_V01/Content/_Game/Maps/_GENERATED/symbi/Box_25BF2F11.uasset" 1350
"C:/Users/symbi/Documents/School Stuff/ANGM/Scripting2/Ghoulish_V01/Content/_Game/Maps/_GENERATED/symbi/Box_25BF2F11.uexp" 1351
"C:/Users/symbi/Documents/School Stuff/ANGM/Scripting2/Ghoulish_V01/Content/_Game/Blueprints/Platforms/BP_MovingPlatform01.uasset" 1352
"C:/Users/symbi/Documents/School Stuff/ANGM/Scripting2/Ghoulish_V01/Content/_Game/Blueprints/Platforms/BP_MovingPlatform01.uexp" 1353
"C:/Users/symbi/Documents/School Stuff/ANGM/Scripting2/Ghoulish_V01/Content/_Game/Blueprints/Platforms/BP_PlatformActivatePlatform01_Shootable.uasset" 1354
"C:/Users/symbi/Documents/School Stuff/ANGM/Scripting2/Ghoulish_V01/Content/_Game/Blueprints/Platforms/BP_PlatformActivatePlatform01_Shootable.uexp" 1355
"C:/Users/symbi/Documents/School Stuff/ANGM/Scripting2/Ghoulish_V01/Content/_Game/Blueprints/Shopkeep/WBP_Shop.uasset" 1356
"C:/Users/symbi/Documents/School Stuff/ANGM/Scripting2/Ghoulish_V01/Content/_Game/Blueprints/Shopkeep/WBP_Shop.uexp" 1357
"C:/Users/symbi/Documents/School Stuff/ANGM/Scripting2/Ghoulish_V01/Content/_Game/Blueprints/Shopkeep/BP_Shopkeep.uasset" 1358
"C:/Users/symbi/Documents/School Stuff/ANGM/Scripting2/Ghoulish_V01/Content/_Game/Blueprints/Shopkeep/BP_Shopkeep.uexp" 1359
"C:/Users/symbi/Documents/School Stuff/ANGM/Scripting2/Ghoulish_V01/Content/_Game/Blueprints/Traps/BP_SpikeDisabler_Shootable.uasset" 1360
"C:/Users/symbi/Documents/School Stuff/ANGM/Scripting2/Ghoulish_V01/Content/_Game/Blueprints/Traps/BP_SpikeDisabler_Shootable.uexp" 1361
"C:/Users/symbi/Documents/School Stuff/ANGM/Scripting2/Ghoulish_V01/Content/_Game/Maps/_GENERATED/symbi/Fan.ubulk" 1362
"C:/Users/symbi/Documents/School Stuff/ANGM/Scripting2/Ghoulish_V01/Content/_Game/Maps/_GENERATED/symbi/Fan.uasset" 1363
"C:/Users/symbi/Documents/School Stuff/ANGM/Scripting2/Ghoulish_V01/Content/_Game/Maps/_GENERATED/symbi/Fan.uexp" 1364
"C:/Users/symbi/Documents/School Stuff/ANGM/Scripting2/Ghoulish_V01/Content/_Game/Blueprints/Traps/BP_FanTrap.uasset" 1365
"C:/Users/symbi/Documents/School Stuff/ANGM/Scripting2/Ghoulish_V01/Content/_Game/Blueprints/Traps/BP_FanTrap.uexp" 1366
"C:/Users/symbi/Documents/School Stuff/ANGM/Scripting2/Ghoulish_V01/Content/_Game/Assets/Audio/BoxExplosion.ubulk" 1367
"C:/Users/symbi/Documents/School Stuff/ANGM/Scripting2/Ghoulish_V01/Content/_Game/Assets/Audio/BoxExplosion.uasset" 1368
"C:/Users/symbi/Documents/School Stuff/ANGM/Scripting2/Ghoulish_V01/Content/_Game/Assets/Audio/BoxExplosion.uexp" 1369
"C:/Users/symbi/Documents/School Stuff/ANGM/Scripting2/Ghoulish_V01/Content/_Game/Assets/ParticleSystems/PB_Break.uasset" 1370
"C:/Users/symbi/Documents/School Stuff/ANGM/Scripting2/Ghoulish_V01/Content/_Game/Assets/ParticleSystems/PB_Break.uexp" 1371
"C:/Users/symbi/Documents/School Stuff/ANGM/Scripting2/Ghoulish_V01/Content/_Game/Blueprints/Platforms/BP_Target.uasset" 1372
"C:/Users/symbi/Documents/School Stuff/ANGM/Scripting2/Ghoulish_V01/Content/_Game/Blueprints/Platforms/BP_Target.uexp" 1373
"C:/Users/symbi/Documents/School Stuff/ANGM/Scripting2/Ghoulish_V01/Content/_Game/Assets/Audio/Explosion.ubulk" 1374
"C:/Users/symbi/Documents/School Stuff/ANGM/Scripting2/Ghoulish_V01/Content/_Game/Assets/Audio/Explosion.uasset" 1375
"C:/Users/symbi/Documents/School Stuff/ANGM/Scripting2/Ghoulish_V01/Content/_Game/Assets/Audio/Explosion.uexp" 1376
"C:/Users/symbi/Documents/School Stuff/ANGM/Scripting2/Ghoulish_V01/Content/_Game/Assets/Audio/Thud.ubulk" 1377
"C:/Users/symbi/Documents/School Stuff/ANGM/Scripting2/Ghoulish_V01/Content/_Game/Assets/Audio/Thud.uasset" 1378
"C:/Users/symbi/Documents/School Stuff/ANGM/Scripting2/Ghoulish_V01/Content/_Game/Assets/Audio/Thud.uexp" 1379
"C:/Users/symbi/Documents/School Stuff/ANGM/Scripting2/Ghoulish_V01/Content/_Game/Blueprints/Traps/BP_FanTogglable.uasset" 1380
"C:/Users/symbi/Documents/School Stuff/ANGM/Scripting2/Ghoulish_V01/Content/_Game/Blueprints/Traps/BP_FanTogglable.uexp" 1381
"C:/Users/symbi/Documents/School Stuff/ANGM/Scripting2/Ghoulish_V01/Content/_Game/Blueprints/Traps/BP_FanToggle.uasset" 1382
"C:/Users/symbi/Documents/School Stuff/ANGM/Scripting2/Ghoulish_V01/Content/_Game/Blueprints/Traps/BP_FanToggle.uexp" 1383
"C:/Users/symbi/Documents/School Stuff/ANGM/Scripting2/Ghoulish_V01/Content/_Game/Blueprints/Traps/BP_FanTrapDestroyatEnd.uasset" 1384
"C:/Users/symbi/Documents/School Stuff/ANGM/Scripting2/Ghoulish_V01/Content/_Game/Blueprints/Traps/BP_FanTrapDestroyatEnd.uexp" 1385
"C:/Users/symbi/Documents/School Stuff/ANGM/Scripting2/Ghoulish_V01/Content/_Game/Blueprints/Traps/BP_MovableTrapBase.uasset" 1386
"C:/Users/symbi/Documents/School Stuff/ANGM/Scripting2/Ghoulish_V01/Content/_Game/Blueprints/Traps/BP_MovableTrapBase.uexp" 1387
"C:/Users/symbi/Documents/School Stuff/ANGM/Scripting2/Ghoulish_V01/Content/_Game/Blueprints/Traps/BP_MovableTrapBase_Child.uasset" 1388
"C:/Users/symbi/Documents/School Stuff/ANGM/Scripting2/Ghoulish_V01/Content/_Game/Blueprints/Traps/BP_MovableTrapBase_Child.uexp" 1389
"C:/Users/symbi/Documents/School Stuff/ANGM/Scripting2/Ghoulish_V01/Content/_Game/Blueprints/Traps/BP_SpikeShot.uasset" 1390
"C:/Users/symbi/Documents/School Stuff/ANGM/Scripting2/Ghoulish_V01/Content/_Game/Blueprints/Traps/BP_SpikeShot.uexp" 1391
"C:/Users/symbi/Documents/School Stuff/ANGM/Scripting2/Ghoulish_V01/Content/_Game/Blueprints/Traps/BP_SpikeStatic.uasset" 1392
"C:/Users/symbi/Documents/School Stuff/ANGM/Scripting2/Ghoulish_V01/Content/_Game/Blueprints/Traps/BP_SpikeStatic.uexp" 1393
"C:/Users/symbi/Documents/School Stuff/ANGM/Scripting2/Ghoulish_V01/Content/_Game/Assets/Audio/solarflex-scary-ambience-music-569583.ubulk" 1394
"C:/Users/symbi/Documents/School Stuff/ANGM/Scripting2/Ghoulish_V01/Content/_Game/Assets/Audio/solarflex-scary-ambience-music-569583.uasset" 1395
"C:/Users/symbi/Documents/School Stuff/ANGM/Scripting2/Ghoulish_V01/Content/_Game/Assets/Audio/solarflex-scary-ambience-music-569583.uexp" 1396
"C:/Users/symbi/Documents/School Stuff/ANGM/Scripting2/Ghoulish_V01/Content/LevelPrototyping/Materials/MI_PrototypeGrid_Gray.uasset" 1397
"C:/Users/symbi/Documents/School Stuff/ANGM/Scripting2/Ghoulish_V01/Content/LevelPrototyping/Materials/MI_PrototypeGrid_Gray.uexp" 1398
"C:/Users/symbi/Documents/School Stuff/ANGM/Scripting2/Ghoulish_V01/Content/LevelPrototyping/Meshes/SM_Cube.ubulk" 1399
"C:/Users/symbi/Documents/School Stuff/ANGM/Scripting2/Ghoulish_V01/Content/LevelPrototyping/Meshes/SM_Cube.uasset" 1400
"C:/Users/symbi/Documents/School Stuff/ANGM/Scripting2/Ghoulish_V01/Content/LevelPrototyping/Meshes/SM_Cube.uexp" 1401
"C:/Users/symbi/Documents/School Stuff/ANGM/Scripting2/Ghoulish_V01/Content/_Game/Blueprints/Traps/BP_Win.uasset" 1402
"C:/Users/symbi/Documents/School Stuff/ANGM/Scripting2/Ghoulish_V01/Content/_Game/Blueprints/Traps/BP_Win.uexp" 1403
"C:/Users/symbi/Documents/School Stuff/ANGM/Scripting2/Ghoulish_V01/Content/_Game/Maps/Sandbox.uexp" 1404
"C:/Users/symbi/Documents/School Stuff/ANGM/Scripting2/Ghoulish_V01/Content/_Game/Maps/Sandbox.umap" 1405
